,Anime Index,Made by SeaSmoke#0002,,,,,
,Title,Alternate Title,Best Release,Alternate Release,Dual Audio,Notes,Comparisons
,11eyes,11 Eyes,Tsundere,,No ,Tsundere is Salender+modified FTV-Wasurenai,
,86,86 - Eighty Six -,,LostYears (WEB),Yes,LY is Kantai with dual audio,
,91 days,,UDF,,Yes,,
,A Certain Magical Index,Toaru Majutsu no Index,"S1, S2: YURI
S3: GJM (BD) (Incomplete)",S3: Drag,"Yes
GJM: No","YURI is sergey+CTR for 1 and sergey+UTW-Mazui for S2
Drag is VCB+GJM",https://slow.pics/c/JsGEguzx
,A Certain Scientific Accelerator,Toaru Kagaku no Accelerator,,LostYears (WEB),Yes ,LY is GJM with dual audio. No good BD releases.,
,A Certain Scientific Railgun,Toaru Kagaku no Railgun,"S1+S2: CTR
S3: LostYears (WEB)","
S3: GJM (WEB)",Yes | No,,
,A Dark Rabbit has Seven Lives,Itsuka Tenma no Kuro Usagi,WBDP,Tsundere,No ,Salender-Raws. WBDP has WhyNot. Tsundere has Derp.,
,A Lull in the Sea,Nagi no Asukara,Arid,,Yes,Arid is sergey+FFF(Underwater-Vivid) and Kametsu(modified Nyanko),https://slow.pics/c/t7yxayA2
,A Place Further than the Universe,Sora yori mo Tooi Basho,MTBB,,No ,MTBB is b6boost+modified Coldgirls ,
,A Sister's All You Need.,Imouto sae Ireba Ii.,KH,,Yes,,
,A Town Where You Live,Kimi no Iru Machi,IK,Beatrice+Doki,Yes,"IK's release has an upscaled 720p DVD for the special and OVA, so it might get yeeted 
off Nyaa.",https://slow.pics/c/pHkFq1vy
,Absolute Duo,,KH,Exp,Yes | No,frost+Chihiro,https://slow.pics/c/DU2ui7f8
,ACCA: 13 Territory Inspection Dept.,ACCA: 13-ku Kansatsu-ka,Beave,,Yes,Beave is Beatrice+edited Kaitou-Glue,
,Accel World,,FFF,,No,No good encodes,https://slow.pics/c/qZDuJxgm
,Ace Attorney,"Gyakuten Saiban: Sono ""Shinjitsu"", Igi Ari!","S1: Pog42
S2: ","S1: Erai-raws
",,,
,Adachi and Shimamura,Adachi to Shimamura,LostYears,Virtuality,No,"Virtuality is BD encode. Haven't compared it to GHS's web one yet.
LostYears is GHS + Dual audio.",
,Aesthetica of a Rogue Hero,Hagure Yuusha no Aesthetica,KH,FFF,Yes | No,KH is Salender+FFF and Final8,https://slow.pics/c/IMmmfwWZ
,After the Rain,Koi wa Ameagari no You ni,mottoj,KH,No | Yes,"mottoj has own encode, KH has VCB. Both use Commie.",https://slow.pics/c/NNp3Z0Ru
,AIKa: ZERO ,,Quetzal,,No,,https://slow.pics/c/VfG0p1L5
,Air Gear,,Pookie,,Yes,Pookie is Raws-4U+joseole99. Subs are slightly mistimed in both.,
,Aiura,,,Commie,No,,
,Akame ga Kill,,Kametsu,,Yes,,
,Akashic Records of Bastard Magic Instructor,"Rokudenashi Majutsu Koushi 
to Akashic Records",Drag,LostYears (WEB),Yes,Drag is Beatrice+LY,https://slow.pics/c/T7wtCVxQ
,AKB0048,,Kametsu,"S1: EveTaku
S2: FFF",Yes | No,Kametsu = EveTaku/FFF + Dual Audio,
,Aki Sora,,CBT,,No,,
,Alderamin on the Sky,Nejimaki Seirei Senki: Tenkyou no Alderamin,Kametsu,,Yes,,
,Aldnoah.Zero,,Lulu,,Yes,Lulu is Beatrice+Vivid-Watashi,
,Alice & Zoroku,Alice to Zouroku,Kametsu,GJM,Yes | No,Kametsu = GJM + Dual Audio,
,Amagami SS,,S2: YURI,,No,YURI is VCB+UTW,https://slow.pics/c/2wrUHB5i
,Amagi Brilliant Park,,MK,BlurayDesuYo,Yes | No,MK = BlurayDesuYo + Dual Audio,https://slow.pics/c/ErynGoep
,Amanchu!,,"S1: Glue
S2: GUDish
OVA: Drag","
Asenshi
",No,"Glue, GUDish and Drag = neko-raws + CR TL/Asenshi OP/ED/TS
",
,Amatsuki,,Orphan,,No,,
,And you thought there is never a girl online?,"Netoge no Yome wa Onnanoko 
ja Nai to Omotta?",KH,,Yes,,
,Ange Vierge,,SchwingBoner,,No,Beatrice+Modified HS. Also on nyaa but looks dead.,
,Angel Beats!,,Arid,Mysteria ,Yes | No,"Arid is Mysteria with dub. Mysteria is Beatrice+shitton of tracks, best is UTW(?)",
,Angel Densetsu,,UWU,,No,UWU is julek's encode+Rising Sun subs,
,Angel's 3Piece!,Tenshi no 3P!,Beatrice+Astral,nielsen145,No,,
,Angolmois: Record of Mongol Invasion,Angolmois: Genkou Kassenki,Yuki,,No,Yuki is Moozzi2 with touched up CRsubs,
,Anime-Gataris,,KH,SmugNeko,Yes | No,,
,Anitore! ,Anime De Training! ,"S1: Beatrice-Raws+Asenshi
S2: ANK-Raws+Asenshi","Asenshi (WEB)
Pog42",No ,Pog42 is Beatrice and ANK+SNSbu,
,Anohana: The Flower We Saw That Day,"Ano Hi Mita Hana no Namae wo Bokutachi wa 
Mada Shiranai.",Kametsu,,Yes,,
,Another,,"SCY
OVA: Exp",Exp,"Yes | No
OVA: No",,
,Anti-Magic Academy: The 35th Test Platoon,Taimadou Gakuen 35 Shiken Shoutai ,YURI,,No,YURI is Beatrice+Sally/MoeDesuDesu,
,Ao-chan Can't Study!,Midara na Ao-chan wa Benkyou ga Dekinai,GSK_kun,,Yes,,
,Aokana: Four Rhythm Across the Blue,Ao no Kanata no Four Rhythm,RASETSU,,Yes,,
,Aquarion Evol,,hchcsen,FFF,Yes | No,hchcsen is FFF with dual audio,
,Arakawa Under the Bridge,,ANE,,No,,
,Are You Lost?,Sounan desu ka?,YURI,,No,,https://slow.pics/c/XMsB6TkD
,Aria the Avvenire,,Cait-Sidhe,,No,,
,Aria the Scarlet Ammo,Hidan no Aria,AC,,Yes,AC is Yousei+UTW for normal and sergey+Coalgirls for AA.,
,Arifureta: From Commonplace to World's Strongest,Arifureta Shokugyou de Sekai Saikyou,OZR,NH,Yes,OZR is BadAnime video+Astral subs. NH is BadAnime with dual audio,
,Armor Shop for Ladies & Gentlemen,Otona no Bouguya-san,Impatience (WEB),,No,,
,Arte,,moscowgolem,,No,,
,Ascendance of a Bookworm,"Honzuki no Gekokujou: Shisho ni Naru Tame
ni wa Shudan wo Erandeiraremasen ",,LostYears (WEB),Yes ,No decent BD releases yet. Grab GJM eps if you don't want dual audio. ,
,Asobi Asobase - workshop of fun -,Asobi Asobase,Senjou,,No,Senjou is Seicher+qwert,https://slow.pics/c/IWNEG9Gt
,Assassination Classroom,Ansatsu Kyoushitsu,"S1: MK
S2: ASC",,Yes,,https://slow.pics/c/GzBxvwMp
,Assassins Pride,,Pog42,LostYears (WEB),No | Yes,Pog42 is moscowgolem + GSK_kun. LY is GSK_kun with dual audio,https://slow.pics/c/TjpYaRw2
,Assault Lily: BOUQUET ,,Raws-Maji+ThiccThighs,Mux-Soap,No,Mux-Soap is Raws-Maji + official subs.,
,Asteroid in Love,Koisuru Asteroid,KOSMOS,Kawaiika,No,"Kawaiika-Raws video with restyled subs (Horriblesubs) with added Karaoke and 
lyrics on OP/ED from Butter/TSCamp.
Includes Erai multisubs.",
,Astra Lost in Space,Kanata no Astra,NH,ZOIO,Yes | No,"ZOIO is Owlolf+Astral
NH is ZOIO + dub",https://slow.pics/c/KYtKOygO
,At The Mercy of The Sky,Sora no Manimani,YURI,,No,YURI is sergey+AnonE/Koharubi,
,Atelier Escha & Logy: Alchemists of the Dusk Sky,"Escha & Logy no Atelier: 
Tasogare no Sora no Renkinjutsushi",Moe,,No,Moe is Yousei with Underwater/FFF and Doki with edits,
,Attack on Titan,Shingeki no Kyojin,"S1: SCY
S2: Arid
S3: SCY
OVA: Baws","
S3: neko-kBaraka
S4: BlurayDesuYo (x265)
/LostYears (WEB)
",Yes | No,"Arid is SCY with kBaraka subs added.
Wait for SCY BD for S4. BDY has the BD fixes and more detail but isn't debanded
properly. LY is SCY with dual audio.
Saizen OVAs are TV source so they have darkening in action scenes but the detail 
outweighs that. If you don't like the darkening then go for Kawaiika.
Baws re-encoded TV video for OVA 1 and 4-5. A version with untouched video is
uploaded here","S3: https://slow.pics/c/zZ2w9wmp
S4: https://slow.pics/c/Aw4d10Nj"
,Azumanga Daioh,,Yurasyk+(?) subs,km+(?) subs,,,
,Azur Lane,,GSK_kun,,Yes,,
,B: The Beginning,,KH,,Yes,KH is neko+GSK_kun,
,B.B. Fish,,Orphan,,No,,
,Baby Steps,,HorribleSubs,,No,No BDs,
,Babylon,,UQW,,No,Official subs,https://slow.pics/c/1hiHDpRi
,Baccano!,,SCY,,Yes,,
,Baki (2018),,"S1: DragsterPS
S2: -KS-",,Yes,,
,Bakuman,,Pog42,,No,,
,Bakuon!!,,Geonope,,No,,
,Banana Fish,,Arid,Commie,No,"Arid is LowPower+Commie/Astral
Commie has previews spliced in",
,BanG Dream,,S3: Untagged AB-RMX,S3: Erai-raws,No,AB-RMX is YUKIN4⁎ and HS,
,Barakamon,,Datte13,,Yes,Datte13 is Yousei+MTBB,https://slow.pics/c/Y4rkepoL
,Bartender,,Kawaiika-Raws,,No,,
,Beastars,,S1: NH,"S1: UWU
S2: LostYears (WEB)",Yes | No,UWU is on AB. Seicher+PAS. NH is UWU with dual audio. LostYears is PAS with dual audio.,
,Beatless,,Pog42,,No,Pog42 is Beatrice+Asuka,
,Beautiful Bones: Sakurako's Investigation,"Sakurako-san no Ashimoto ni wa 
Shitai ga Umatteiru",Crow,,No,Crow is Beatrice+FFF,https://slow.pics/c/AZtt1k1P
,Beelzebub,,EST,tlacatl6,No,EST is BDRemux with tlacatl6 subs,
,Berserk (1997),Kenpuu Denki Berserk,Arid,,Yes,Arid is GRAINY+Dekinai,
,Beyond the Boundary ,Kyoukai no Kanata,"S1+OVA: CyC
SP: SBR
ONA: OnintzaLibre",,Yes,"CyC is Beatrice+SBR
SBR specials are on XDCC
OnintzaLibre is Beatrice+Mezashite/Mori",
,Big Windup!,Ookiku Furikabutte,Commie,,No,,
,Black Bullet,,CBT,,Yes,,
,Black Clover,,BDRemux,iAHD,,BDRemuxes are on AB,
,Black Lagoon,,Legion,,Yes,Legion is Beatrice (S1)/Salender (S2) with OZC and RisingSun subs,
,Blade Dance of Elementalers,Seirei Tsukai no Blade Dance,Thighs,FFF,No,"It's got thighs, what else could you possibly need? 
(Those who need FLAC audio can grab it from FFF, or bug Scrad for it).",
,Blade Runner: Black Out 2022 ,,SCY,,Yes,,
,Blast of Tempest,Zetsuen no Tempest,Beatrice-Raws,,No,Has AnimeNOW subs,
,Bleach,,001-167: ASC,001-167: ParanDark/CBT,Yes | No,ASC is on AB. Improved Parandark and dual audio ,
,Blend S,,Mysteria ,,No,,
,Blood Blockade Battlefront,Kekkai Sensen,S1: Arid,"S1: CTR
S2: Baws",Yes,"Arid is Akatomba+Vivid. CTR is Shujinowski (Vivid) with dual audio
Baws is neko+CR. No good encode for S2.",S2: https://slow.pics/c/dC9Trjr1
,Blood Lad,,MK,,Yes,,
,Blood-C,,SCY,,Yes,,
,Bloom Into You,Yagate Kimi ni Naru,WSE,Exp,Yes | No,Beatrice+Asenshi. WBDP is the same but uses modified Asenshi,
,Blue Exorcist,Ao no Exorcist,"S1: Raizel
S2: MK-SCY | OVA: BlurayDesuYo",,Yes,"Raizel is on XDCC too. Uses own encode+Coalgirls
MK-SCY is SCY+DDY",
,Blue Sonnet,Akai Kiba: Blue Sonnet,Orphan-Beatrice,,No,,
,Blue Spring Ride,Ao Haru Ride,"GSK_kun
OVAs: RSB",,No,,
,Boarding School Juliet,Kishuku Gakkou no Juliet,YURI,,No,YURI is moscowgolem+Astral,
,"BOFURI: I Don't Want to Get Hurt, so I'll 
Max Out My Defense.","Itai no wa Iya nano de Bougyoryoku ni 
Kyokufuri Shitai to Omoimasu.",NH,,Yes,Dual audio remux of Kawaiika + Astral,
,Boku no Boukuugou,,Orphan,,No,,
,Bokurano,,Dekinai,,No,Yurasyk+Triad edited,
,Boruto: Naruto Next Generations,,InoBestGirl,,Yes,,
,Brain Powerd,,Iznjie Biznjie,,No,,
,Brand New Animal,BNA,LostYears (WEB),,Yes,LostYears is remux of Asenshi with Netflix English audio.,
,Btooom!,,Kametsu,,Yes,,
,Bubblegum Crisis,,Iznjie Biznjie,,Yes,,https://slow.pics/c/3aYrVxNe
,Bungaku Shoujo,,Kulot,,No,Kulot is Beatrice+Monokage/Doki,
,Bungo Stray Dogs,Bungou Stray Dogs,"S1, S2: KH
S3: Impatience
Wan: Impatience (WEB)",,Yes,S3 of KH has a few issues,
,Bunny Drop,Usagi Drop,Pog42,Zurako,No,Both SCY and Kawaiika are good enough. See comp and decide. ,https://slow.pics/c/6b74Txsd
,Call Me Tonight,,Orphan,,No,,
,Campione!,"Campione!: Matsurowanu Kamigami 
to Kamigoroshi no Maou",YURI,KH,Yes,YURI is sergey+FFF. KH is Salender+FFF.,
,Cardcaptor Sakura,,Kinomoto,,Yes,,
,Carnival Phantasm,,YURI,,No,YURI is Yousei+UTW,
,Carole and Tuesday,,Arid,,Yes ,Arid is VCB+PAS,
,Casshern Sins,,Crow,,No,Crow is Yurasyk+Kametsu,
,Castle Town Dandelion,Joukamachi no Dandelion,SCY,,Yes,,
,Cat Planet Cuties,Asobi ni Iku yo!,YURI,,Yes,YURI is VCB+Commie/SubDESU,https://slow.pics/c/AvgHRgIf
,"Cautious Hero: The Hero Is Overpowered 
but Overly Cautious","Shinchou Yuusha: Kono Yuusha ga Ore 
Tueee Kuse ni Shinchou Sugiru",NH,GHS,Yes | No,,
,Celestial Method ,Sora no Method,Drag,,No,Drag is sergey+LNS,
,Cells at Work!,Hataraku Saibou!,"S1: CTR
S2: Butter :v (WEB)
Specials: Asakura","S1: :v (WEB)

",Yes | No,"CTR is on nandato. mottoj with dual audio.
:v has dehardsubbed infoboxes",
,Chaika -The Coffin Princess-,Hitsugi no Chaika,CTR (See note),,Yes,Grab fixed ep 3 from nandato,
,ChäoS;Child,Chaos;Child,kmplx,,Yes,kmplx is VCB+pgs,
,ChäoS;HEAd,Chaos;Head,,CBD,Yes,Based on Tsundere with some modifications,
,Charlotte,,Kametsu,YURI,Yes,"GJM for least artifacts. YURI for a bit more detail. 
Kametsu is GJM with dual audio","https://slow.pics/c/OglwjdUG
http://compare.bakashots.me/compare.php?setId=2415"
,Chihayafuru,,"S1: Yuki
S2: VCB&ANK/MK+Commie
S3: +Commie","S2: MK
Commie","| Yes
| No","Yuki is Yurasyk+Commie BD subs (plus a few styling/TS changes)
Commie BD batches have overhauled timing+TS and minor editing changes from 
MK's release.",
,Chobits,,TOJIO+(?),,No,TOJIO is on rutracker,
,Chronicles of the Going Home Club,Kitakubu Katsudou Kiroku,Crow,,No,Crow is Yousei+Femme,
,Citrus,,Exp,,Yes,,https://slow.pics/c/ujiPaA82
,City Hunter,,S1: Pizza,,No,Has pgs subs,
,Clannad,,,Akai,No,,
,Classroom of the Elite,"Youkoso Jitsuryoku Shijou 
Shugi no Kyoushitsu e",YURI,Clara ,Yes | No,Raws-Maji+MTBB with a few fixes,
,Classroom☆Crisis,,"GS
BAD",,No,Beatrice+DDY,
,Claymore,,,CTR-Kametsu,Yes,,
,Code:Breaker,,,CyC,Yes,CyC is philosophy+Hatsuyuki/CBM,
,Code Geass: Lelouch of the Rebellion,Code Geass: Hangyaku no Lelouch,"R1: Lulu
R2: OZR",,Yes,Lulu is Beatrice+ShadyCrab/CBM. OZR is Yousei+ShadyCrab/CBM,https://slow.pics/c/DoVlaT0n
,Coluboccoro,,Orphan,,No,,
,Comet Lucifer,,Asteroid,,No,,
,Comic Girls,,Xonline,,No,,
,Conception,,,KH,Yes ,,
,Cop Craft,,KH,BlurayDesuYo,Yes | No,KH is BDY with dual audio,
,Coppelion,,Ayaya,,No,Winter+Vivid,
,Cowboy Bebop,,,Arid,Yes,"Arid= Yurasyk+OZC
There's an ITBDRemux that's good but the video is VFR and interlaced. Better to 
wait for JySzE which will be encoded from that.","Yurasyk vs Fussoir: https://slow.pics/c/jzskfYus
ITBD vs JPBD: https://screenshotcomparison.com/comparison/12306/"
,Cross Game,,,Yuki,No,"Yuki is NF+MTBB/Restyled ANBU
Could use a good encode",https://slow.pics/c/7wkrZ2xV
,D-Frag!,,deanzel,FFF,Yes | No,deanzel = FFF + Dual Audio,https://slow.pics/c/ofOTvnvO
,D.Gray-man,,"S1: Parandark
Hallow: naiyas/Holomux",,No,No physical media for Hallow.,
,Dagashi Kashi,,"S1: MK
S2: GSK_kun",,"Yes
No",,https://slow.pics/c/vkDO0YUs
,"DanMachi - Is It Wrong to Try to 
Pick Up Girls in a Dungeon?","Dungeon ni Deai wo Motomeru no wa 
Machigatteiru Darou ka","S1: Dekinai
S2, S3: sam","S1: Beatrice+Dekinai
S3: Z4ST1N (WEB)",No,"Dekinai is sergey+Cthuko/BDY/FFF. 
sam is own encode+Astral for S2 and Z4ST1N for S3","https://slow.pics/c/u0KOct6k
https://slow.pics/c/YIRHYOgM"
,DanMachi - Sword Oratoria,"Dungeon ni Deai wo Motomeru no wa 
Machigatteiru Darou ka Gaiden: 
Sword Oratoria",Alt,,Yes,Alt is neko+devill0000,
,Darker than Black,Darker than Black: Kuro no Keiyakusha,ASC,kuchikirukia,Yes,Beatrice+CEB. kuchi uses OC for ED and has wrong Eng audio for one ep apparently. ,
,Darling in the FranXX,,Chotab,,Yes,"Zero two best girl
should have ended at ep 13 or something tho.",https://slow.pics/c/FvoTOPtZ
,Date a Live,,Yoghurt,FFF,No,"Yoghurt is Beatrice+Sally/Judas for S1, Beatrice+FFF for S2 and 
Raws-Maji + GSK_kun for S3",
,Deadman Wonderland,,OZR,AC,Yes,OZR is HQR+SGKK/Commie,
,Death March to the Parallel World Rhapsody,"Death March Kara Hajimaru 
Isekai Kyousoukyoku",NH,Asakura,Yes | No,NH is Asakura with dual audio. Asakura is neko+modified LY,
,Death Note,,Arid,,Yes,Arid is Yurasyk+redc4t,
,Death Parade,,SCY,,Yes,SCY is beatrice raws video with edited and resync'd FFF subs.,
,Deca-Dence,,Okay-Raws+Astral,Erai-raws,No,Astral is v0 and needs a thorough QC,
,Demon City Shinjuku,Makai Toshi Shinjuku,Iznjie Biznjie,,Yes,,
,Demon King Daimao,Ichiban Ushiro no Daimaou,YURI,,Yes,YURI is sergey+Tsundere,
,"Demon Lord, Retry!","Maou-sama, Retry!",KH,,Yes,,
,Demon Slayer,Kimetsu no Yaiba,SCY,,Yes,,
,Dennou Coil,,HaiveMind,MTBB,Yes | No,HaiveMind is Yousei+MTBB. Available on XDCC.,
,Denpa teki na Kanojo,,Drag,,No,Drag is RG-Genshiken+Golo/WhyNot,
,Detroit Metal City: The Animated Series,Detroit Metal City,Crow,Delicio.us,No,Crow is UCCUSS+Delicio.us,
,Devilman Crybaby,,Datte13,,No,Datte is neko+Dekinai,
,Diary of Our Days at the Breakwater,Houkago Teibou Nisshi,,hchcsen,Yes,hchcsen is UCCUSS+HS,
,DIVE!!,,SCY-Kuromii,,No,,
,Dog & Scissors,Inu to Hasami wa Tsukaiyou,Winter+Scriptum,Scriptum,No,Need to compare against Salender,
,DOGEZA: I Tried Asking While Kowtowing.,Dogeza de Tanondemita,Gao,TTGA,No,,https://slow.pics/c/m20jbTcM
,Domestic Girlfriend,"Domestic na Kanojo",YURI,,Yes ,YURI is Seicher+DDY,https://slow.pics/c/9gN3h6i3
,"Don't Toy with Me, Miss Nagatoro","Ijiranaide, Nagatoro-san",,ඞ (WEB),No, ඞ is Smoke+BullySubs (Nepotism intensifies) ,
,Dororo,,Arid,,Yes,Arid is Beatrice+GSK_kun,https://slow.pics/c/eQLLbnHe
,Dr. Stone,,S2: sam,S1: Iceblue,No | Yes,sam is own encode+LY,
,Dragon Pilot: Hisone and Masotan,Hisone to Masotan,Drag,,No,Drag is Beatrice+Asenshi,
,Dragon's Heaven,,Beatrice-Raws,,No,,
,Dragonar Academy,Seikoku no Dragonar,KH,RASETSU,Yes,"KH is sergey+FFF. Rasetsu is FFF with dual audio. FFF has slightly better lines but 
tons of detail loss.",https://slow.pics/c/bp1yr2lW
,DragonBall,,iKaos,,Yes,,
,DragonBall Super,DBS,Koitern,SOFCJ+Official subs,No,Both have a different set of issues so pick your poison ,https://slow.pics/c/PdeHJ5yN
,DragonBall GT,DBGT,iKaos,,Yes,,
,DragonBall Z,DBZ,iKaos,,Yes,Insanity ,
,Drifters,,karios,,Yes,,
,Dropkick on my Devil!,Jashin-chan Dropkick,"S1, ONA: Noms
S2: CsS","S1, ONA: Pog42",No,,
,Durarara!!, ,"S1: Drag
x2 Shou: YURI
x2 Ten: Kametsu
x2 Ketsu: Kametsu",,Yes,"Drag is Kuroi+Coalgirls
YURI is Beatrice+Vivid (Kametsu edit)","https://slow.pics/c/5unVYUP3
https://slow.pics/c/4WtCl6u8"
,Dusk Maiden of Amnesia,Tasogare Otome x Amnesia,YURI,,Yes,YURI is Beatrice+FFF,
,Eden of The East,Higashi no Eden,CTR,,Yes,CTR is Yousei+Coalgirls,
,ef,ef: A Tale of Memories/Melodies,ASO,ANE,Yes | No,ASO is ANE with dual audio. Menclave subs. ,https://slow.pics/c/XxtmBe6Q
,Eiken,Eiken: Eikenbu yori Ai wo Komete,Hoodlum,,No,,
,El Hazard: The Alternative World,Ijigen no Sekai El Hazard,km+(?),,,,
,El Hazard: The Magnificent World,Shinpi no Sekai El Hazard,S1: Iznjie Biznjie,S2: Exiled-Destiny,Yes,Tad better video options for S1 but IB subs are much better. ,https://slow.pics/c/ObqZgWap
,El Hazard: The Wanderers,,Lain32,Exiled-Destiny,No | Yes,Lain32 is interlaced so you need a good deinterlacer. Also it's dub only. ,
,Elfen Lied,,CBT,,Yes,,
,Endro!,,KnK+Astral,NH,- | Yes,,
,Engaged to the Unidentified,Mikakunin de Shinkoukei,"YURI
OVA: aro",,No,YURI is Beatrice+Underwater,https://slow.pics/c/c5ilfnXR
,Erased,Boku Dake ga Inai Machi,Arid,,Yes,Arid is Beatrice+Kametsu(edited GJM-eraser)/Commie,"https://slow.pics/c/v8OhxfVX
https://slow.pics/c/xcr9hox3"
,Ergo Proxy,,Shimatta,,Yes,Kawaiika+Golo from CTR,
,Eromanga Sensei,,Exp,,No,Exp is Beatrice+Astral,
,Eureka Seven - Psalms of Planets,,Urotsuki + CG subs,Coalgirls,No,,
,Fairy Gone,,Raws-Maji+GJM/Official,S1: GJM (WEB),No,GJM only did S1,
,Fate/Apocrypha,,AC v1,GSK_kun,Yes | No,Use Netflix subs track,
,Fate/Extra: Last Encore,,Raws-Maji+LostYears subs,LostYears (WEB), | Yes,,
,"Fate/Grand Order: Absolute Demonic Front
- Babylonia","Fate/Grand Order: Zettai Majuu 
Sensen Babylonia",μtw-Kaleido,Koitern,No,Light pls,
,Fate/Grand Order: First Order,,GetNasu'd,,Yes,Beatrice+Kametsu,https://slow.pics/c/SPBMn5cE
,Fate/Grand Order: Moonlight/Lostroom,,Arid,,No,,
,Fate/GUDAGUDA Order,,Kaleido,,No,,
,Fate/kaleid liner Prisma☆Illya ,,"S1: Arid
Rest: SOLA",,Yes,"Arid is frost+Kaleido
SOLA is on nandato and XDCC",
,Fate/Prototype,,CBT,,No,CBT is Yousei+UTW,
,Fate/stay night (2006),,Moby JJ,,Yes,,
,Fate/stay night: Unlimited Blade Works,,Arid,,Yes,Arid is Beatrice v2+Kametsu (modified UTW),
,Fate/Zero,,"SCY
OVA: Mysteria",Mysteria,Yes,"Mysteria is Beatrice+SCY
Beatrice has better AA but worse grain/texture retention","https://slow.pics/c/2H57poO5
https://slow.pics/c/wuCfu4yX"
,Fire Force,Enen no Shouboutai,S1: LostYears (WEB),,Yes,BDs look comparable to the wakanim stream so grab LY,
,FLCL,"Fooly Cooly, Furi Kuri",Cuck'd,SRLS,Yes,SRLS uses yurasyk encode,
,FLCL Alternative/Progressive,,Kawaiika-Raws,,No,,
,Flip Flappers,,zangafan,,Yes,CTR's colors are off,https://slow.pics/c/c3meD2Tn
,Flowers of Evil,Aku no Hana,FFF,,No ,,
,Flying Witch,,Pookie,,Yes,Pookie is sergey+DDY/SallySubs,https://slow.pics/c/61HZf4OW
,Food Wars!,Shokugeki no Souma,"S1: Datte13
S2: MK
S3P1: XuN
S3P2: Quarantine
S4: GHS
S5:(?)+BluE
OVA: VCB+Clara","S5: BluE (WEB)
OVA: Clara",Mixed,"VCB rips retain more detail than Akatomba but at the cost of much more horrible 
banding. See the tradeoff and mux with them if you prefer that.
Quarantine is on AB","S1: https://slow.pics/c/NBxLkceD
S3: https://slow.pics/c/8JnNldFQ"
,Forest of Piano,Piano no Mori,PAS (WEB),,No,,
,Fractale,,,Drag,Yes,Drag is HQR+ANE. (Needs peeping),https://slow.pics/c/ieErMMON
,Frame Arms Girl,,Beatrice+(?) subs,,,,
,Free! ,,S3: Commie,,No,,
,Freezing,,"S1: AC
S2: Lulu",S2:AC,Yes,AC (S1) is Yousei+Hiryuu. Lulu is sergey+Hiryuu.,
,From the New World,Shinsekai Yori,ShadyCrab,,Yes,Kagura+UTW. SCY release eventually:tm:,
,Fruits Basket (Reboot),,"S1: Arid
S2: sam","S1: GSK_kun
S2: LostYears (WEB)","Yes | No
No | Yes","Arid is GSK_kun with dual audio
sam is own encode+LY. ",
,"Full Dive: The Ultimate Next-Gen Full Dive RPG Is 
Even Shittier than Real Life!","Kyuukyoku Shinka shita Full Dive RPG ga 
Genjitsu yori mo Kusoge Dattara",,LostYears (WEB),Yes,LY is AtlasSubbed with dual audio,
,Full Metal Panic!,,,S3: BlurayDesuYo,No,,https://slow.pics/c/QND1NQ5P
,Fullmetal Alchemist (2003),"Hagane no Renkinjutsushi, FMA",NTRM,,Yes,,
,Fullmetal Alchemist Brotherhood,"Hagane no Renkinjutsushi, FMAB",ShadyCrab,,Yes,ShadyCrab is Yousei+modified Coalgirls,
,Future Diary,Mirai Nikki,sergey_krs+FFF/GotWoot,Final8,,Final8 has hardsubbed signs and kfx,https://slow.pics/c/mpco28I0
,Fuuka,,Beatrice+Kantai/CR,"EP 1 - 6: Kantai 
EP 7 - 12: SCP-2223",No,"SCP-2223 is resync'd HorribleShit. Apparently Astral did it ages ago but 
he doesn't like it anymore. It's probably still the best one though.",
,Gabriel Dropout,,BBT-RMX,xxon,No,BBT-RMX is Beatrice+FFF/ESL/Mori/xxon subs,http://compare.bakashots.me/compare.php?setId=4174
,Galaxy Investigation 2100: Border Planet,Ginga Tansa 2100-nen: Border Planet,Beatrice,,No,,
,Gankutsuou: The Count of Monte Cristo,Gankutsuou,ARC,,Yes,ARC is VietHD+Dekinai,
,Gargantia on the Verdurous Planet,Suisei no Gargantia,,"CTR
OVA: Vivid","Yes
OVA: No",CTR is Beatrice+UTW-Vivid,
,Garo - Crimson Moon,Garo: Guren no Tsuki,DmonHiro,WhyNot,No,Dmon uses E-D subs. HS is hardsubbed. ,
,Garo - The Animation,Garo: Honoo no Kokuin,SCY,,Yes,,
,Garo - Vanishing Line,,ASC,BlurayDesuYo,Yes | No,ASC is BDY with dual audio,
,Gatchaman Crowds,,"S1: karios
","
S2: Drag",Yes,,
,GATE: Thus the JSDF Fought There! ,"Gate: Jieitai Kanochi nite, Kaku Tatakaeri",Kametsu,,Yes,Kametsu is Beatrice+modified SallySubs,
,Gekidol,,OWO+official subs,,No,,
,Genesis Climber Mospeada,Kikou Souseiki Mospeada,,Bunny Hat,No,,
,Getsuyoubi no Tawawa,Tawawa on Monday,YURI,,No,YURI is Beatrice+MoeDesuDesu,https://slow.pics/c/BzzzyTWj
,Ghost in the Shell: Stand Alone Complex,Koukaku Kidoutai: Stand Alone Complex,S1: Beatrice+(?),S1: CTR,,,
,Ghost Stories,Gakkou no Kaidan,,kuchikirukia,Yes,,
,Gintama,"Gintama
Gintama'
Gintama' Enchousen
Gintama°
Gintama.
Gintama. Porori-hen
Gintama. Shirogane no Tamashii-hen
Gintama°: Aizome Kaori-hen","S1(001-201): CBT
S2(202-252): CBT
S3(253-265): CBT
S4(266-316): Wailyn
S5(317-328): CBT
S6(329-341): CBT
S7(342-367): CBT
OVA: Holomux",,No,"CBT S1=Yousei+CR
Rest SOFCJ+CR (S4 is Glue)",
,Girlish Number,Gi(a)rlish Number,Scum,,No,,https://slow.pics/c/EcfS3ONo
,Girls Bravo,,Exiled-Destiny,,Yes,,
,Girls und Panzer,,CTR,,Yes,,
,Girls' Last Tour,Shoujo Shuumatsu Ryokou,UDF,Asenshi,Yes | No,UDF is Beatrice+Asenshi/Scum,
,Girly Air Force ,,,Pog42,No,"UCCUSS probably has the best video. 
Pog42 is Snow-raws+Erai",
,Given,,TBC,,No,"TBC is Moozzi2+CR. Yeah you read that right. Moozzi didn't go hard on this one so 
it's fine. (Still a lot of room for improvement ofc)",
,GJ Club,GJ-bu,"YURI
OVA: EXP",,No,"YURI is Yousei+LNS
EXP is sergey+LNS",https://slow.pics/c/gDrqF5rH
,Glasslip,,Holomux,,No,Holomux is sergey+OtakuMura,
,Goblin Slayer,,,Lulu,Yes,Lulu is mottoj+smugcat/chihiro,
,God Eater,,Kametsu,,Yes,,
,Godzilla Singular Point,Godzilla: S.P,,Reza (WEB),Yes,,
,Gokujo.,"Gokujo. Gokurakuin Joshikou 
Ryou Monogatari",STRAIGHTMUX,,No,STRAIGHTMUX = Reinforce + Jigglymux (slightly edited CMS),
,Golden Boy,,ARC,Matsya,Yes | No,ARC is Matsya with dub and some timing fixes. Matsya is Urotsuki+TOMA,
,Golden Kamuy,,"S1, S2: pyroneko",,No,,
,Golden Time,,CyC,,Yes,,
,Gonna be the Twin-Tail!!,"Ore, Twintail ni Narimasu.",YURI,,Yes,YURI is Beatrice+Commie,
,Good Luck Girl!,Binbougami ga!,,MC,Yes,MC is Kuroi+gg,https://slow.pics/c/FlUouL2T
,Gosick,,Aergia,,No,Aergia is BDRemux with Broken,
,Gourmet Girl Graffiti,Koufuku Graffiti,YURI,,No,YURI is sergey+commie,https://slow.pics/c/bTwMmC3s
,Granbelm,,CBT,,No,,
,Grand Blue Dreaming,Grand Blue,Seicher+Devil,Devil,No,Devil uses Rakuen video,https://slow.pics/c/CPy33KEw
,Great Pretender,,"1-10: Foxtrot
11-17: KS (WEB)
18+: Team Confidence (WEB)",1-14: Die-Hot (WEB),"KS: Yes
No",,
,Great Teacher Onizuka,,,Godim,No,Godim is TOJIO+official subs,
,Grimgar: Ashes and Illusions,Hai to Gensou no Grimgar,,Kametsu,Yes,,
,Ground Control to Psychoelectric Girl,Denpa Onna to Seishun Otoko,YURI,ANE,No,YURI is Yousei+ANE,
,Gugure! Kokkuri-san,,CyC,,No,,
,Guilty Crown,,SCY,,Yes,,
,Gunslinger Girl,,UDF,"S1: ARC
S2: Holomux",Yes | No,"ARC is Beatrice+Cman. Available on Nyaa
Holomux is Beatrice+Kulot99",
,Gunsmith Cats,,Iznjie Biznjie,,Yes,,https://slow.pics/c/r4vAPQa0
,Hacka Doll The Animation,,YURI,Alt,No,Beatrice+SmugCat,https://slow.pics/c/qTCaEsOM
,Hades Project Zeorymer,Meiou Project Zeorymer,,BBT-RMX,Yes,BBT-RMX is Kagura+(?),
,Haganai,Boku wa Tomodachi ga Sukunai ,"S1, Next: AC ",,Yes,,
,Haibane Renmei,,Tesseract,,No,BDs look awful,
,Haikyuu!!,,"S1: AC
S2: AC
S3: ASC
S4: OWO (WEB)","

S3: Pookie
OAD, Land vs Air: Commie",Mixed,"AC, ASC and Pookie are sergey+commie. ASC is on AB and uses kBaraka's 
synced subs.",
,Hakumei and Mikochi,Hakumei to Mikochi,NH,NH,Yes,"NH 1080p is Kawaiika+MTBB. NH 720p is MTBB with dual audio. MTBB
encode has ED dehardsubbed.",
,Hanasaku Iroha ~Blossoms for Tomorrow~,Hanasaku Iroha ,Hobiron,,No,,
,Hanayamata,,Drag,,No,Drag is sergey+Kirakira,
,Hand Shakers,,SCP-2223,,No,,
,Hanebado!,,9volt,,No,,
,Happy Sugar Life,,Shimatta,,No,Shimatta is VCB+Astral,https://slow.pics/c/r2n7oBI8
,Haruchika: Haruta & Chika,HaruChika - Haruta to Chika wa Seishun suru,Beats,,No,,
,Hatsukoi Limited,,RMX,,No,RMX is Kagura+YuS/Chihiro/m.3.3.w,
,Haven't You Heard? I'm Sakamoto,Sakamoto desu ga,THD,,Yes,,
,Heavy Object,,,Kametsu,Yes,Kmaetsu is SallySubs with dual audio,
,Hellsing (TV),,Urotsuki+Tsundere,Tsundere,No,Urotsuki is 720p dvd upscale so grab from rutracker,
,Hellsing Ultimate,,SCY,,Yes,,
,Hentatsu,,LCE,,No,,
,Heroic Age,,,sam,No,sam is HQR+Kametsu,
,Hi Score Girl,High Score Girl,Seicher+SonicBoom,SonicBoom,No,,
,Hidamari no Ki,,Orphan,,No,,
,High School DxD,,IK,,Yes,,https://slow.pics/c/N9ES9CT5
,High School Fleet,Haifuri,WBDP,,No,WBDP is Beatrice+GJM,
,High School of the Dead,Gakuen Mokushiroku,SCY,,Yes,SCY's encode with heavily edited gg/Kira subs,
,"High School Prodigies Have It Easy 
Even In Another World","Choujin Koukousei-tachi wa Isekai demo 
Yoyuu de Ikinuku you desu!, Choyoyu",NH,GHS,No | Yes,,
,Higurashi: When They Cry,Higurashi no Naku Koro ni,"S1: 480i BD+Fuktlogic
Kai: 480i BD+Hauu~
Kira: Yousei+CMS/Doki
Rei: Yousei+Zurako/Doki
Kaku: Bwaka
Gou: BDMV + SubsPlease","S1, Kai: oneoneleven



",No,Read VN ,
,Himouto! Umaru-chan,,YURI,,S1: Yes/S2: No,"YURI is Beatrice+LNS for S1, Kawaiika+Astral for S2",https://slow.pics/c/JvwkIy6D
,Hinamatsuri,,Arid,Exp,Yes | No,Really minor changes compared to OWO.,https://slow.pics/c/3o0L3S93
,Hinomaru Sumo,Hinomaru Zumou,CDL (WEB),,Yes,,
,His and Her Circumstances,Kareshi Kanojo no Jijou,WSE,Judgment,Yes | No,WSE is Judgment with dual audio,
,Hitoribocchi no Marumaru Seikatsu ,,,Kawaiika-Raws,No,GJM stalled,
,Honey and Clover,Hachimitsu to Clover,EJF,,Yes,"EJF is basically ANE with some fixes and dual audio. Available on XDCC, nandato",
,Horimiya,,,LostYears (WEB),Yes,LY is GSK_kun with dual audio,
,Honoo no Tenkousei,Blazing Transfer Student,Iznjie Biznjie,,No,Has Orphan subs,https://slow.pics/c/cPk3DwH7
,Horizon in the Middle of Nowhere ,Kyoukaisen-jou no Horizon,Drag,,Yes,Drag is Yousei+Commie,
,House of Five Leaves,Sarai-ya Goyou,Matsya,Sushi,No,"Matysa is Sushi's release with Tsundere subs added as well. Sushi's edit is included
as an Alt track.",https://slow.pics/c/8qIUGFzN
,How Heavy Are the Dumbbells You Lift?,,NH,,Yes,,
,How Not to Summon a Demon Lord,"Isekai Maou to Shoukan Shoujo no 
Dorei Majutsu",,Asakura,No,,
,Humanity Has Declined,Jinrui wa Suitai Shimashita,Commsei,Commie ,No,Commsei is Yousei+Commie,
,Hundred,,RASETSU,,Yes,Apparently subs have a handful of typos,
,Hunter x Hunter,,Vodes,,Yes,"Vodes is SOFCJ+Coalgirls
Seicher's newer encodes are the best. Older ones will be redone. ",
,Hybrid x Heart Magias Academy Ataraxia,Masou Gakuen HxH,Exp,,No,Exp is Beatrice+GJM/Chihiro,
,Hyouka,,UDF,,Yes ,UDF is Beatrice+luvsick/coalgirls/mazui,
,Hyperdimension Neptunia,Choujigen Game Neptune The Animation,YURI,,Yes,YURI is Yousei+Commie,
,I Can't Understand What My Husband Is Saying,Danna ga Nani wo Itteiru ka Wakaranai Ken,Tsundere,,No,,
,"I Couldn’t Become a Hero, So I Reluctantly 
Decided to Get a Job.","Yuusha ni Narenakatta Ore wa Shibushibu 
Shuushoku wo Ketsui Shimashita.",Quetzal,,No,,
,I'm glad I could keep running.,Hashiri Tsuzukete Yokattatte.,BKC,GJM,No,BKC is Mangakas+GJM,https://slow.pics/c/7JD3We3E
,"I've Been Killing Slimes for 300 Years and 
Maxed Out My Level","Slime Taoshite 300-nen, Shiranai Uchi 
ni Level Max ni Nattemashita",,LostYears (WEB),Yes,LY is Chihiro with dual audio,
,ID: INVADED,,Mysteria ,,Yes,Mysteria is VCB+self edited subs,
,IDOLiSH7 ,Idolish Seven,,Vibrato: Davinci,No,,
,If Her Flag Breaks,Kanojo ga Flag wo Oraretara,FFF,GS,No,FFF has Underwater. GS on AB has DDY.,https://slow.pics/c/czdf34dp
,"If It's for My Daughter, I'd Even Defeat a Demon Lord",Uchi no Musume,Cait-Sidhe,,No,,
,Ikebukuro West Gate Park,,Commie (WEB),,No,,
,In Another World With My Smartphone,Isekai wa Smartphone to Tomo ni.,AOmundson,,Yes,AOmundson uses Beatrice,
,In Search of the Lost Future,Ushinawareta Mirai wo Motomete,Lost,,No,,
,In/Spectre,,Kawaiika+BSR/GHS,"1-3: BSR
4+: GHS",No,,
,Inari Kon Kon,"Inari, Konkon, Koi Iroha.",YURI,,No,YURI is Kagura+Vivid/Animekoi,
,Infinite Stratos,IS: Infinite Stratos,KH,S1: ANE,Yes | No,"KH is sergey+pretty much all subs. 
sergey has a tint and bad edges. ANE suffers from some blocking. ",https://slow.pics/c/jKoOyZge
,Interspecies Reviewers,Ishuzoku Reviewers ,YURI,,No,YURI is Kawaiika+Astral,
,Interviews With Monster Girls,Demi-chan wa Kataritai,pyroneko,NH,No | Yes,NH is Beatrice+pyroneko,https://slow.pics/c/dNUygEQC
,Inugami-san to Nekoyama-san,,YURI,,No,YURI is Beatrice+Commie/Kaylith,
,Inuyashiki: Last Hero,Inuyashiki,SCY,Seicher,No,Both videos look very similar so can't go wrong with either. ,
,Invaders of the Rokujyoma!?,Rokujouma no Shinryakusha!?,Drag,,No,Drag is sergey+FFF/BDY,
,Is the order a rabbit?,Gochuumon wa Usagi Desu ka?,"S1, S2: CBT
S3: Bastard-Raws+YSR
OVA: VCB+KiraraSubtasia","S1+S2: FFF
S3: YSR (WEB)",No,CBT is Yousei for S1 and Beatrice for S2. FFF subs,
,Is this a Zombie?,Kore wa Zombie Desu ka?,AssMix,"S1: Elysium
S2: Tsundere",No,AB. VCB-Studio + Commie,
,Isekai Quartet,,"S1: Natsumi no Sekai+Asakura/Nauti
S2: Asakura","S1: Asakura/Nauti
",No,,
,Island,,Raws-Maji+Astral,KH,No | Yes,,
,Isshoni Training,,Untagged release by Vodka,BDMV,No,,
,Japan Sinks,Nihon Chinbotsu,TTGA,,Yes,BDRemux with NF subs,
,Jinki: Extend,,Anonymous,,Yes,km+modified Funi subs. On AB under UNKWN,
,JINSEI -Life Consulting-,Jinsei,EXP,,No,EXP is Beatrice+FFF,https://slow.pics/c/Acv9oc2b
,JoJo's Bizarre Adventure (2012),JoJo no Kimyou na Bouken ,D4C,JP BDREMUX + [JoJo] subs,Yes,"JoJo has gg script with Commie TS. Peak memesubs for memeshow.
All encodes seem to suck for now, JP BDREMUX is the best option.",
,"JoJo's Bizarre Adventure: Part 3 
Stardust Crusaders","JoJo no Kimyou na Bouken - 
Stardust Crusaders",D4C,inid4c,Yes | No,D4C is JPBDRemux. inid4c is Snow-Raws with modified Some-Stuffs,
,"JoJo's Bizarre Adventure: Part 4
Diamond is Unbreakable","JoJo no Kimyou na Bouken - 
Diamond wa Kudakenai ",D4C,inid4c,Yes | No,D4C is JPBDRemux. inid4c is Snow-Raws with modified Some-Stuffs,
,"JoJo's Bizarre Adventure: Part 5 
Golden Wind/Vento Aureo","JoJo no Kimyou na Bouken - 
Ougon no Kaze",D4C,inid4c,No,,
,Joker Game,,KH,Beatrice-kBaraka,Yes | No,KH is kBaraka with dual audio,
,Jormungand,,MK-SCY,,Yes,,
,Jujutsu Kaisen,,,LostYears (WEB),Yes,LY is Kaizoku with dual audio,
,Just Because!,,Beatrice+Official subs,iAHD, - | Yes,,
,Jyu-Oh-Sei: Planet of the Beast King,Jyu Oh Sei,hchcsen (WEB),,Yes,,
,K Project,,"S1: Senjou
S2: A-C",S2: Beatrice-kBaraka,"No
A-C: Yes",A-C is Beatrice-kBaraka with dual audio.,https://slow.pics/c/gGO0tHog
,K-On!,,,S1: Crow,No,Crow is Henshin+CJ-Tsundere,
,Kabaneri of the Iron Fortress,Koutetsujou no Kabaneri,SCY,,Yes,,
,Kaguya-sama: Love is War,"Kaguya-sama wa Kokurasetai: 
Tensai-tachi no Renai Zunousen","S1: Chouonsoku
S2: (?)+GJM","S1: GSK_kun
S2: GJM (WEB)",Yes | No,"AB release is GSK_kun+dub and contains updated subs from GJM's Vol.2 BD release.
The signs track has been edited to match the dub.
GSK_kun is Beatrice+GJM.",
,Kaiba,,Beatrice+ Kulot99 subs,SCP-2223,No,,
,Kakegurui: Compulsive Gambler,,"S1: (?) + Bakaiser
S2: (?) + Astral","S1: Bakaiser
S2: Nauti ",No,,https://slow.pics/c/yNdskVCP
,Kakushigoto,,,Wakanim SC (WEB),No,Hardsubbed,
,Kamichu!,,Judgment,,No,Judgment is Henshin+edited Chuchuchuu ,
,Kamisama Kiss,Kamisama Hajimemashita,"AC
OVA: MTBB",,"Yes
No",,
,Kandagawa Jet Girls,,NH,ORCANO,Yes | No,"NH is a dual audio remux of Kawaiika video and Tensai subs.
ORCANO uses Kawaiika with modified Tensai subs.",
,Kanokon,,,S1: Koten_Gars,,All encodes suck,
,Kanon (2006),,KH,MTBB,Yes | No,Beatrice+MTBB,
,Karneval,,CyC-SCY,,Yes,,
,Kasei Yakyoku,,Orphan-Iquix,,No,,
,Katana Maidens ~ Toji No Miko,Toji no Miko,"Pog42
OVA: Drag",,No,,
,Katanagatari,,Shimatta,,No,Shimatta is NanoAlchemist+GSK_kun. GSK_kun is ANE+slightly timed Coalgirls,
,Kaze no Stigma,,,SRLS,Yes,,
,Keep Your Hands Off Eizouken!,Eizouken ni wa Te wo Dasu na!,,OZR,No,OZR is Kawaiika+GJM web eps. Hopefully GJM batchfixes soon,
,Keijo!!!!!!!!,,,EXP,No,EXP is Beatrice+mottoj. Has a few timing issues also present in mottoj.,https://slow.pics/c/crjDQ66I
,Kemono Friends,,Beatrice+Furenzu,LCE, - | Yes,peeping in progress,
,Kengan Ashura,,DragsterPS,Erai-raws,Yes | No,No BDs,
,KenIchi: The Mightiest Disciple,"Shijou Saikyou no Deshi Kenichi
History's Strongest Disciple Kenichi ","Series: Urotsuki + (?) subs
OVA: Beatrice + (?) subs",,No,,
,Kids on the Slope,Sakamichi no Apollon,Arid,,Yes,Arid is Raizel+modified THORA,
,Kill la Kill,,Arid,"CH
CTR",Yes,"Arid is NanoAlchemist+AOmundson (Modified FFF)
CH is own encode+modified Underwater
If you want to watch the dub then might want to go for CTR. It has a lot of modified
signs to match the dub track.","https://slow.pics/c/FZl0Cvs6
http://compare.bakashots.me/compare.php?setId=2515"
,Kill Me Baby,,SCP-2223,,No,SCP is VCB+UTW-Mazui,https://slow.pics/c/5FtaE0o2
,Killing Bites,,Bolshevik,,No,,
,Kimi ni Todoke: From Me to You,Kimi ni Todoke,Shimatta,,No,Shimatta is Yousei+Golo (Eclipse),
,Kingdom,,Erai-raws,,No,,
,KINMOZA!,Kiniro Mosaic,Drag,S1: FFF,No,Drag is Yousei+FFF for S1 and VCB+Asenshi-Mezashite for S2,
,Kino's Journey -the Beautiful World- (2017),Kino no Tabi -the Beautiful World-,Kawaiika-raws,,No,,
,"Kiss Him, Not Me",Watashi ga Motete Dousunda,mottoj,,Yes (external),,
,Kiss X Sis,KissXsis,Senjou,,No ,Senjou is Kawaiika+Tsundere with minor fixes,
,Kiznaiver,,MK,,Yes,,
,Knights of Sidonia,Sidonia no Kishi,"S1: LNS
S2: D3",,"No
Yes",D3 is VCB+Underwater.,
,Kodomo no Jikan,,Beatrice+(?) subs,,No,Not on nyaa because DVD upscale,
,Koi Kaze,,GrimRipper,,Yes,,
,Kokkoku,,PhallSubs,nielsen145(?),No,AB. VCB+edited official subs,
,Kokoro Connect,,ShadyCrab,Mysteria,Yes | No,,
,Komori-san Can't Decline!,Komori-san wa Kotowarenai!,Drag,,No,Drag is Akatomba+Asenshi,
,Kono Oto Tomare!: Sounds of Life,Kono Oto Tomare!,Hamood,GHS,No,Hamood is just GHS with FLAC,
,KONOSUBA -God's blessing on this wonderful world!,"Kono Subarashii Sekai ni Shukufuku wo!","S1 + OVA: Quetzal
S2 + OVA: KH ",Pog42,Yes | No,"S1 is Kawaiika+Chihiro/FFF
S2 is Kawaiika+Chihiro. Pog42 has lossy audio.",
,Kuma Kuma Kuma Bear,,,LostYears (WEB),Yes,LY is GJM with dual audio,
,Kumamiko: Girl Meets Bear,Kuma Miko,"Metal
OVA:Beatrice+(?)",,No,,
,Kurau: Phantom Memory,,Metal,,No,Metal is km+modified Forge,
,Ladies versus Butlers!,,,пока,No,,
,Laid-Back Camp,Yuru Camp△,"S1+SP: UDF
S2: Kaleido (WEB)","S1: Asakura
SP: 0x539
S2: DankBadLol (WEB)",No,"UDF is Beatrice+ToishY (basically Asenshi with improved TS)
Asakura is Beatrice+modified Asenshi.",
,Land of the Lustrous ,Houseki no Kuni,Arid,Seicher,Yes | No,"Seicher uses bcvxy subs (which is edited PAS). Gender neutral pronouns used.
Arid is Seicher with dual audio.",
,Lapis Re:LiGHTs,,Raws-Maji ,,No,,
,Legend of the Galactic Heroes (OVA),Ginga Eiyuu Densetsu,SwirlyPervert,,No,Yurasyk release has CA subs,https://slow.pics/c/ZGtfoaf6
,"Legend of the Galactic Heroes: 
The New Thesis - Encounter","Ginga Eiyuu Densetsu
-Die Neue These- Kaikou ",SCY,,Yes,,
,Legend of the Galactic Heroes: Gaiden,GInga EIyuu Densetsu: Gaiden,Yurasyk,,No,Reaktor vid still better than ZR/CA so if you have doubts about size grab that. ,
,Let's Nupu Nupu,,Orphan-Beatrice,,No,,
,Library Wars,Toshokan Sensou,sam,DEXA,No,sam is Kagura+Elysium. DEXA is own encode+Elysium.,
,Little Witch Academia (TV),,HaiveMind,Asenshi,Yes | No,HaiveMind is Beatrice+Asenshi. Available on XDCC.,
,Log Horizon,,"S1,S2: Senjou
S3: Beatrice-Raws",,No,"Senjou is Yousei+Commie, SallySubs",https://slow.pics/c/F8fCv6jB
,Lord El-Melloi II's Case Files: Rail Zeppelin Grace note,"Lord El-Melloi II Sei no Jikenbo: 
Rail Zeppelin Grace Note",ASC,,Yes,ASC uses BDY's encode and subs for eps 0-3 and their own encode with modified Aniplex subs for the rest.,
,Lord Marksman and Vanadis,Madan no Ou to Vanadis,Exp,,No,,
,Lost Universe,,Azel,,No,Azel is km+(?),
,LOVE and LIES,Koi to Uso,SCP-2223,,No,,
,Love Lab,,Mysteria ,FFF,No,Mysteria is Yousei+Commie,
,"Love, Chunibyo & Other Delusions!",Chuunibyou demo Koi ga Shitai!,YURI,"S1: MK 
S2: Kametsu",Yes,YURI is Yousei+MK/gg/URW for S1 and FTW for S2,
,"Love, Election and Chocolate",Koi to Senkyo to Chocolate,EXP,,No,EXP is Beatrice+FFF,
,Lunn Flies into the Wind ,Lunn wa Kaze no Naka,Orphan,,No,,
,Made in Abyss,,Galator,,Yes,Galator uses Beatrice-Raws and modified Asenshi-Pas subs.,
,Magi,,"Labyrinth: CTR
Kingdom: sam 
Sinbad: Vodes",,"CTR: Yes
No","CTR is Yousei+gg
sam is Yousei+SallySubs
Vodes is self encode+Kami subs","Labyrinth: https://slow.pics/c/7s7c71zj
Sinbad: https://slow.pics/c/aRb8yStX"
,"Magia Record: Puella Magi Madoka Magica 
Side Story","Magia Record: Mahou Shoujo 
Madoka☆Magica Gaiden",Kawaiika+YameteTomete,YameteTomete (WEB),Yes,Kawaiika's included subs are not in sync,
,Magical Girl Raising Project,Mahou Shoujo Ikusei Keikaku,GJM,,No,,
,Magical Girl Spec-Ops Asuka,Mahou Shoujo Tokushusen Asuka,CBT,,Yes,,
,Magical Warfare,Mahou Sensou,Drag,Exp,Yes | No,Exp is sergey+FFF. Drag is Exp with dual audio.,
,Magimoji Rurumo,Majimoji Rurumo,YURI,,No,"YURI is Beatrice+DDY, Anime-koi",
,Mahou Shoujo Nante Mouiidesukara,Mahou Shoujo Nante Mou Ii Desukara.,SmugCat,,No,,
,Majo demo Steady,,Orphan ,,No,,
,Maoyu ~ Archenemy & Hero,Maoyuu Maou Yuusha,YURI,,No,YURI is Kagura+FFF,
,March comes in like a Lion,3-gatsu no Lion,WSE,Exp,Yes | No,Kawaiika+Commie,
,Maria†Holic,,S1: hchcsen,S1: ANE,Yes | No,hchcsen is ANE with dual audio,
,Maria the Virgin Witch,Junketsu no Maria,Exp,CTR,Yes,CTR is BDY with dual audio,https://slow.pics/c/SoLwNiMq
,Masamune-kun's Revenge,Masamune-kun no Revenge,"xxon
OVA: o7",Mysteria ,Yes | No,Beatrice+DDY subs,
,Matoi the Sacred Slayer,Soushin Shoujo Matoi,,BlurayDesuYo,No,Wait for batch for some encode fixes,
,Mayoi Neko Overrun!,,,Tsundere,No,Tsundere is Yousei+Ryuumaru,
,Megalo Box,,Foxtrot,,No,,
,Megami Paradise,,Orphan,,No,,
,Megazone 23,,YURI,,Yes,YURI is km+OnDeed,https://slow.pics/c/4JjAdjK1
,Mekakucity Actors,,DarkHollow,CH,No,,
,Milky Passion: Dougenzaka - Ai no Shiro,,Orphan,,No,,
,Minami-ke,,S4: Untagged,S4: FFF,No,AB release is Yousei+FFF,
,Miru Tights,,Arid,,No,Arid is VCB+Astral,
,Miss Caretaker of Sunohara-sou,Sunoharasou no Kanrinin-san,Pog42,,No,,
,Miss Kobayashi's Dragon Maid	,Kobayashi-san Chi no Maid Dragon,MAID,0x539,Yes | No,"0x539: Beatrice-Raws with heavily modified TS and some editing of
DDY, HAS, and Hark0n subtitles.
MAID is 0x539 with English dub",
,Mitsuboshi Colors,,YURI,HAS,Yes | No,,
,Mix: Meisei Story,,,Commie,No,,
,Mob Psycho 100,,"S1: SOLA
S2: ASC","S1: Akatomba-kBaraka
S2: SaltSplash",Yes | No,"SOLA is Akatomba-kBaraka with dual audio. Available on XDCC
ASC is SaltSplash with dual audio",
,Modest Heroes,Chiisana Eiyuu,LCE,,No,,
,Momo Kyun Sword,,Anonymous,,No,anon is JoeyN+FFF,
,Momoiro Sisters,,peachflavored,,No,,
,Momokuri,,,Mysteria,No,,
,Monogatari Series,,"Bake: Arid
Neko: KuroKuro
Kizu, Nise, Hana, SS, Tsuki, Owari: FLFL
Koyomi: Senjou
Zoku: Arid",Bake: MTBB,No,"Wait for MTBB subs for Bake and Commie subs for Koyomi/Owari S2.
FLFL is Kawaiika + modified Commie for Nise
FLFL is Kawaiika+Storytime/ToishY for Owari S2
Arid is Beatrice+MTBB/ANE for Bake and Kawaiika+MTBB/Edo for Zoku",
,Monster,,Null+CBM subs,CBM,- | Yes,Seicher is the best but might be done sometime in the next decade.,
,Monster Musume: Everyday Life with Monster Girls,Monster Musume no Iru Nichijou,,"AOmundson
OVA: GSK_kun",Yes,"AOmundson is SallySubs with dual audio and resampled subs.
GSK_kun is Beatrice+edited AOmundson.",
,Moribito - Guardian of the Spirit,Seirei no Moribito,CTR,,Yes,CTR is Chyrka+MTBB,
,Moyashimon,,,Drag,No,Drag is Beatrice+BSS for S1 and RG-Genshiken+Commie/GotWoot for S2,
,Ms. Koizumi Loves Ramen Noodles,Ramen Daisuki Koizumi-san,,SCP-2223,No,,
,Mushi-Shi,Mushishi,"S1: CyC
S2: ARC",,"Yes
No","CyC is bxyh+tlacatlc6/niizk
ARC is Kawaiika+Dekinai(modified vivid)",
,Mushoku Tensei: Jobless Reincarnation,Mushoku Tensei: Isekai Ittara Honki Dasu,OZR,MTBB,Yes | No,OZR is Raws-Maji+MTBB,https://slow.pics/c/0pmPsvFR
,My First Girlfriend is a Gal,Hajimete no Gal,(?)+LostYears,LostYears (WEB),- | Yes,,
,My Hero Academia,Boku no Hero Academia,"S1: Dragon-Releases
S2: ITH
S3: ITA BD+kBaraka/Hi10
S4: (?)+Hi10","S1: neko-kBaraka
S2: neko-kBaraka
S3: Zanros
",Yes | No,"D-R and ITH are just neko-kBaraka with dual audio.
kBaraka had best TS, but they never finished S3. I doubt they'll continue it. 
For S3 ITA BD looks cleaner but has more banding. Zanros on AB.",S3: https://slow.pics/c/PAxWrVlM
,My Love Story,Ore Monogatari,sergey_krs+FFF/Commie,CTR, | Yes,CTR is FFF with dual audio,
,"My Mental Choices Are Completely Interfering 
With My School Romantic Comedy","NouCome, Ore no Nounai Sentakushi 
ga, Gakuen Love Comedy wo Zenryoku 
de Jama Shiteiru",EXP,,No,EXP is Yousei with FFF and Noem-Light subs,
,My Neighbour Seki,Tonari no Seki-kun,"GSK_kun
OAD, OVA: Vivid",,"Yes
OAD, OVA: No",,
,"My Next Life as a Villainess: 
All Routes Lead to Doom!","Otome Game no Hametsu Flag shika 
Nai Akuyaku Reijou ni Tensei shiteshimatt 
Hamefura",Commie,Chihiro,No,,
,My Teen Romantic Comedy SNAFU,"Yahari Ore no Seishun Love 
Comedy wa Machigatteiru.","S1: Ayashii
S2: Drag
S3: (?)+MTBB","S2: Senjou
S3: UQW",Yes | No,"Ayashii is Beatrice+MTBB
Drag and Senjou are sergey+MTBB","S1: https://slow.pics/c/w1l8GrrY
S2: https://slow.pics/c/gXhzMdFi"
,Myriad Colors Phantom World,Musaigen no Phantom World,,WBDP,No,"WBDP is sergey+modified Commie, Hitoku (OVA)",https://slow.pics/c/iPCQZH3o
,Mysterious Girlfriend X,Nazo no Kanojo X ,RASETSU,,Yes,,
,Nadia: Secret of Blue Water,Fushigi no Umi no Nadia,Hark0n,,Yes,Hark0n is Kagura+THORA,
,NANA,,Yurasyk + (?) subs,,No,,
,Nanana's Buried Treasure,Ryuugajou Nanana no Maizoukin,YURI,,No,YURI is Yousei+FFF,
,Nanbaka,,BlueLobster,,No,,
,Naruto,,JySzE,,Yes,,
,Natsuiro Kiseki ,,FFF,,No,,
,Natsume's Book of Friends,Natsume Yuujinchou,CyC,,No,"S1: sergey + modified moo-shi | OVA: sergey + modified Commie
S2: sergey + modified tlacatlc6 | OVA: sergey + modified esc
S3: sergey + modified NoGrp
S4: sergey + modified tlacatlc6
S5: sergey + modified Commie
S6: sergey + modified Commie",
,Natsuyuki Rendezvous,,Oizys,,No,Oizys is Yousei+Commie,
,Nekopara,,Tsundere,,No,,
,Neon Genesis Evangelion,Shinseiki Evangelion,Yurasyk + Sephirotic/Netflix,Sephirotic,- | No,"Netflix's TL is mostly better overall but requires an edit & TLC. 
Sephirotic used modified Manga ADV subs with proper terminology.
An edit using both Netflix and Sephirotic's scripts as reference would be best.",https://slow.pics/c/gZGxnroJ
,Netsuzou Trap -NTR-,Netsuzou TRap ,Enceladus,,No,Enceladus is Beatrice+Chihiro,
,New Game!,,"1-6: Foxtrot
Beatrice+(?)
OVA: KH",,No,KH is HQR+ kdfffss/doki,
,Nichijou - My Ordinary Life,Nichijou,Datte13,,Yes,,https://slow.pics/c/c0lE94cA
,Nisekoi: False Love ,Nisekoi,CBT,Commie,No,CBT is Yousei+Commie,"https://slow.pics/c/lcAhiany
https://slow.pics/c/6GasW0Hs"
,No Game No Life,,Lulu,,Yes,Lulu is Kawaiika+SallySubs,
,No-Rin,Nourin,KH,,Yes,KH is Beatrice+FFF/ChihiroDesuYo,
,Nobunagun,,,orz,No,,
,Non Non Biyori,,Kawaiika-raws,,No,,S1: https://slow.pics/c/OtCNA0o6
,Noragami,,"KH
Lulu",Exp,Yes | No,"Lulu is Exp + dub.
sergey+Kametsu subs (mashup of FFF and BDY)
KH is on AB. Inlcudes BDY in addition to Kametsu subs.",
,"Now and Then, Here and There","Ima, Soko ni Iru Boku",sam,,No,sam is km+CTR subs (Modified G_P),
,Nozoki Ana,,SCY,,No,,
,Null Peta,,,anorak (WEB),No,,
,Nyanko Days,,EXP,,No,EXP is Beatrice+SmugCat,https://slow.pics/c/r8LnlLjf
,O Maidens in Your Savage Season,Araburu Kisetsu no Otome-domo yo.,WSE,GSK_kun,Yes | No,WSE is GSK_kun with dual audio,
,Occultic;Nine,,Chimera,,No,Chimera is Beatrice+WhyNot/HS,
,Odd Taxi,ODDTAXI,MTBB (WEB),,No,,
,One Piece,,S1-S6: ZOIO,S1-S4: A&C,No,"ZOIO is SOFCJ+leorio1009. A&C is own encode+leorio.
A&C has less artifacting but also much less detail. ",
,One Punch Man,,S1: Arid,"S1: 0x539
S2: LostYears (WEB)",Yes ,"Arid is Yousei+0x539. 0x539 uses Beatrice.
S2 has no good BD encodes, apart from the 2 volumes GJM released.
LY is GJM with dual audio.",S1: https://slow.pics/c/crNmb5FE
,One Room,,S1: Beatrice+(?),S3: notcrunchy (WEB),No,,
,One Week Friends,Isshuukan Friends.,Mysteria ,GS,No,,
,OniAi,"Onii-chan Dakedo Ai Sae Areba 
Kankei Nai yo ne!",YURI,,No,YURI is sergey+Farfie,
,"Oniichan no Koto nanka Zenzen Suki ja 
Naindakara ne!!",Because I Don't Like My Big Brother At All--!!,Drag,,No,Drag is sergey+Doki,
,Ooya-san wa Shishunki!,,Drag,,No,Drag is Akatomba+Glue,
,Orange,,MK,,Yes,,
,Oreshura ,"Ore no Kanojo to Osananajimi 
ga Shuraba Sugiru",CBT,,No,,
,ORESUKI: Are you the only one who loves me?,Ore wo Suki nano wa Omae dake ka yo,CBT,,No,,
,Otaku no Video,,RMX,,No,RMX is Kagura+Anonymoose,
,Otherside Picnic,Urasekai Picnic,Commie,,No,,
,Our love has always been 10 centimeters apart.,Itsudatte Bokura no Koi wa 10cm datta,Yuki,,No,,
,Outbreak Company,,Datte13,,Yes,Datte13 is sergey+LNS,https://slow.pics/c/iHH5gM6O
,Overlord,,"S1: OZR
S2: karios
S3: NH
Specials: neko-kBaraka","S2: neko-kBaraka
S3: neko-kBaraka
",Yes | No,"OZR is Beatrice+Hi10 (modified LNS) and SallySubs
karios/NH is neko-kBaraka with dual audio",https://slow.pics/c/Ztn7Kylx
,Pandora Hearts,,sam,,No,sam is UQW+EC/Hatsuyuki/E-D/R1,
,Panty & Stocking with Garterbelt,,Zweeflol,Underwater,Yes,Zweeflol is Underwater with FLAC,https://slow.pics/c/jUgLoDav
,Panzer World Galient,Kikou Kai Galient,Inka-Subs,,No,Uses nonfilter raws. Use BDMV if available. ,
,Paradise Kiss,,Beatrice-Raws,,No,,
,Paranoia Agent,Mousou Dairin,GB,,Yes,,
,Parasyte -the maxim- ,Kiseijuu - Sei no Kakuritsu,MK-Pn8,,Yes,,
,Penguindrum,Mawaru Penguindrum,CTR,,Yes,CTR is Kagura+gg,
,Persona 4 the Golden Animation,,,orz,No,,
,Persona 5,,ZECHS,,Yes,ZECHS is VCB+Commie,https://slow.pics/c/P7ZZ13XO
,Peter Grill and the Philosopher's Time,Peter Grill to Kenja no Jikan,LostYears (WEB),Z4ST1N (WEB),Yes | No,LY is zastin with dual audio. Uncensored.,
,Photokano,,FFF,,No,,
,Photon: The Idiot Adventures,Photon,GRAINY,Kuraze,No,GRAINY is km with niizk subs,
,Ping Pong the Animation,,SCY,,Yes,,
,Pingu in the City,,SoLCE ,,No,,
,Pipopapo Patrol-kun,Pi Po Pa Po Patrol,Inka-Subs,,No,,
,Planet With,,Holomux,,No,Holomux (AB) is Beatrice+Tap24,
,Planetarian: The Reverie of a Little Planet,Planetarian: Chiisana Hoshi no Yume,Kametsu,Chimera,Yes | No,,
,Planetes,,UDF,,Yes,UDF is HQR+Kametsu/OZC,
,Plastic Memories,,UDF,,No,This has basically all the subs,https://slow.pics/c/wqRRDYG3
,Please tell me! Galko-chan ,Oshiete! Galko-chan,Datte13,,No,Datte13 is Beatrice+Akiteck,
,Poco's Udon World,Udon no Kuni no Kiniro Kemari,aro,,No,Beatrice+HS,
,Pokémon Origins,Pocket Monsters: The Origin,SCY,,Yes,,
,Pokemon: Twilight Wings,Hakumei no Tsubasa,SoY (WEB),Some-Stuffs (WEB),Yes | No,SoY is SS with dual audio,
,Pop Team Epic,Poputepipikku,SCP-2223,,No,SCP is Beatrice+CR,
,Pretty Boy Detective Club,Bishounen Tanteidan,Commie (WEB),,No,,
,Princess Connect! Re:Dive,PriConne,Truck'd (WEB),,No,"they finally did it, thx Light and Scrad",
,Princess Lover!,,,BobP,No,BobP is Salender+Seto-Otaku (ANBU/Hitode/Chihiro),https://slow.pics/c/uvlA47JS
,Princess Principal,,Beatrice+Cait-Sidhe,,Yes,,https://slow.pics/c/iV4xwy3E
,Prison School,Kangoku Gakuen,Mysteria,,Yes,Mysteria is Beatrice+Chihiro,https://slow.pics/c/JYE8fKzL
,"Problem Children Are Coming From 
Another World, Aren't They?","Mondaiji-tachi ga Isekai kara 
Kuru Sou Desu yo?",RASETSU,,Yes,,
,Psychic Wars,Soujuu Senshi Psychic Wars,Beatrice,,No,,
,Psycho-Pass,,"1,2: SCY",3: Mysteria,Yes | No,,
,Puella Magi Madoka Magica,Mahou Shoujo Madoka☆Magica,,"Yuki
YURI",Yes,"Yuki is ITBDRemux. YURI is Yousei+Meguca. Good ITBD encode when?
ITBD has more detail but bad aliasing.",https://slow.pics/c/PwzyKYj2
,Pui Pui Molcar,,,CarsPlease (WEB),No,,
,Pupa,,coldhell,,No,ProTip- Don't watch this show if you value your sanity,https://slow.pics/c/iZK8IvUN
,Qualidea Code,,Anonymous,DTTM,No,Anonymous is Beatrice+KOTEX,
,Radiant,,KAN3D2M (WEB),,No,AB/BHD/BLU,
,RahXephon,,sam,km,No,sam is UQW+OZC,https://slow.pics/c/TguLCHyF
,Rail Wars!,,YURI,,No,YURI is Beatrice+FFF,
,Rain Boy,,Orphan,,Yes,,
,Rainbow,Rainbow: Nisha Rokubou no Shichinin,BDRemux+frozen,Gao,No,Gao is Erupii+frozen,
,Ranma ½,,BBT-RMX,,No,BBT-RMX is Kagura+Doki/grimf,https://slow.pics/c/K6GHQXyx
,Rascal Does Not Dream of Bunny Girl Senpai ,"Seishun Buta Yarou wa Bunny Girl 
Senpai no Yume wo Minai",0x539,Arid,No,"Arid is neko+0x539. 0x uses Beatrice which has slightly better lines but other
compression artifacts. ","https://slow.pics/c/Rdc5FkH3
https://slow.pics/c/E6yGwAHf"
,Re-Kan!,,Laidback,,No,,https://slow.pics/c/Ixe13BUM
,Re:CREATORS,,Dragon-Releases,,No,,
,Re:ZERO -Starting Life in Another World- ,Re:Zero kara Hajimeru Isekai Seikatsu,"S1, OVA: SCY
S2P1: OZR","S1 DC: OZR
Break Time: BlurayDesuYo",Yes | No,OZR is Raws-Maji+DDY/CR for S2 and Beatrice+Astral for DC.,S2P2: https://slow.pics/c/zvyzXv6X
,Real Girl,3D Kanojo: Real Girl,,Asakura,No,,
,"Recently, my sister is unusual.","Saikin, Imouto no Yousu ga 
Chotto Okashiinda ga.",Exp,,No,Exp is sergey+Doutei,https://slow.pics/c/NmRYwXDl
,Record of Grancrest War,Grancrest Senki,CBT,,No,,
,Record of Lodoss War,Lodoss-tou Senki,Iznjie Biznjie,,Yes,,https://slow.pics/c/TenDD7ZW
,Recovery of an MMO Junkie,Net-juu no Susume,KH,Asakura,Yes | No,,
,ReLIFE,,Mysteria,,Yes,Mysteria is Beatrice+FFF(Astral edit),
,Renkin San-kyuu Magical? Pokaan,,Tsundere,,No,Tsundere is Yousei+modified Kotomi,
,Rent a Girlfriend,"Kanojo, Okarishimasu",,ShowY (WEB),No,,
,Restaurant to Another World,Isekai Shokudou,S1: sam,S1: RedKite,No,sam is own encode+RedKite,
,Revolutionary Girl Utena,Shoujo Kakumei Utena,Lisata598,,No,Lisata598 is Chyrka+GrimRipper,
,Rifle is Beautiful,,NH,Raws-Maji,Yes | No,NH is Raws-Maji with dual audio,
,Rio: Rainbow Gate!,,RASETSU,,Yes,,
,Robot Carnival,,Beatrice-Raws,,No,,
,Robotics;Notes,,Yousei+deanzel,deanzel,Yes,,https://slow.pics/c/eEtTa9xE
,Rokka: Braves of the Six Flowers,Rokka no Yuusha,sam,CTR,No | Yes,sam is Beatrice+CTR. CTR is neko+Glue/FFF/Dragon,
,"Ronja, the Robber's Daughter",Sanzoku no Musume Ronja ,,SCP-2223,No,,
,Room Camp,Heya Camp△,"Pog42
SP: Asenshi",Tensai,No,,https://slow.pics/c/OMD1l2LA
,Rosario + Vampire,Rosario to Vampire,Exp,,No,,
,Rose of Versailles ,Versailles no Bara,Kagura+Dekinai subs,"Amurrica
Dekinai",No,Needs some more peeping. Amurrica is Kagura encode so probably the best.,
,Rumbling Hearts,Kimi ga Nozomu Eien,RG Genshiken + KAA subs,KAA,No,,
,Run with the Wind,Kaze ga Tsuyoku Fuiteiru,P9-Yuki,,Yes,P9-Yuki is Seicher+modified Okay/official subs,
,Ruroni Kenshin,,"SOFCJ+Hoj v2 subs
OVA","D-YFI
SP: VCB",No,hoj subs need major retiming for sofcj. will be worth it though. ,
,Saekano: How to Raise a Boring Girlfriend,Saenai Heroine no Sodatekata,Mysteria ,,No,,
,Saga of Tanya the Evil,Youjo Senki,,D3,Yes,D3 is BDRemux with Hafu/LY. No good encodes.,
,Sagrada Reset,Sakurada Reset,GSK_kun,,No,,
,Sakura Quest,,ARC,,No,,
,Samurai Champloo,,Arid,,Yes,,
,Samurai Flamenco,,,Commie,No,,
,Sankarea,,MC,Kagura+Eveyuu,No,,
,Sarazanmai,,,Asenshi,No,,
,Sasami-san@Ganbaranai,,Drag,,No,Drag is Yousei+FFF/Commie,
,School Days,,YURI,,No,,
,School-Live,Gakkou Gurashi! ,Kametsu,FFF,Yes | No,Kametsu is FFF with dual audio. Uses Vivid.,
,"Science Fell in Love, So I Tried to Prove It",Rikei ga Koi ni Ochita no de Shoumei shitemita.,TTGA,,Yes,,
,Scum's Wish,Kuzu no Honkai,MK,,Yes,Beatrice-raws video with edited Commie subs.,https://slow.pics/c/wfxtomxY
,See Me After Class,Asa Made Jugyou Chu!,SCY,,No,( ͡° ͜ʖ ͡°),
,Seiren,,Hot,,No,Hot is Beatrice+GJM,
,Seitokai Yakuindomo,,sergey + B-Bass,,No,,https://slow.pics/c/GeD1beKF
,Senryu Girl,Senryuu Shoujo,,NH,Yes,NH is UCCUSS+GJM,
,Senyuu,,Final8,,No,,
,Seraph of the End: Vampire Reign,Owari no Seraph,"Kametsu
Specials: Beatrice+(?)
OVA: Kametsu",,"Yes
Specials, OVA: No",,
,Serial Experiments Lain,,,Chotab,Yes,,https://slow.pics/c/6jRdIRPn
,Servant x Service,,BBT-RMX,,No,BBT-RMX is Tsukuyo+Commie,https://slow.pics/c/sT8CcWd8
,Seven Mortal Sins,sin: Nanatsu no Taizai,AOmundson,,Yes,,
,Shadows House,,,LostYears (WEB),Yes,LY is Arid with dual audio. Aergia-Raws+Sootery.,
,Shaman King (2001),,"SOFCJ-utsubyou
Specials: peachflavored",,No,,
,Shamanic Princess,,,Soldado,Yes,,
,Shelter,,MCLR,Beatrice-Harunatsu,No,MCLR just has an extra Moby subs track,
,Shiki,,AOmundson,,Yes,Dual audio remux of mawen1250 + Coalgirls,
,"SHIMONETA: A Boring World Where the Concept 
of Dirty Jokes Doesn't Exist","Shimoneta to Iu Gainen ga Sonzai Shinai 
Taikutsu na Sekai",YURI,,Yes,YURI is Beatrice+SallySubs,
,Shirobako,,,KH,Yes,"KH is CTR with dual audio which is sergey+LNS. Has scenebleeds.
",https://slow.pics/c/so5YgoJL
,Shomin Sample,"Ore ga Ojousama Gakkou ni ""Shomin Sample"" 
Toshite Gets♥Sareta Ken",KH,,Yes,KH is Beatrice+&,https://slow.pics/c/jrrLX1Rw
,Shonen Maid,Shounen Maid,CyC,,Yes,CyC is VCB+Merchant,
,Shouwa Genroku Rakugo Shinjuu,,"S1: Dekinai
S2: SCY-kBaraka","S1: FMA1394
",No,"Dekinai uses VCB video and edited Hi10 subs. Not on nyaa. Use XDCC/PT. 
Alternatively grab this release which has Dekinai just with lossy audio.",https://slow.pics/c/fz5ZnNw7
,Show By Rock!!,,S1: Cait-Sidhe,,No,,
,Silver Spoon,Gin no Saji,sam,,No,sam is own encode+Commie/Hatsuyuki,
,Simoun,,Anonymous,,No,Anon is km+Simoun-Fans/jackoneill. On AB under (jackoneill),
,Sing Yesterday for Me,Yesterday wo Uttate,,Pao,No,Need peeping,
,Sirius the Jaeger ,,Exp,,No,,
,SK8 the Infinity,SK∞,Commie,LostYears (WEB),Yes,LostYears is Commie (WEB) with dual audio,
,Skip Beat!,,sam,,Yes,sam is own encode+ParanDark/R1,
,Slam Dunk,,BBT-RMX,,No ,BBT-RMX is Kagura+edited ANF,
,Slow Start,,CsRmX,Pog42,No,"CsRmX is on AB, mux of 9volt subs with Beatrice-raws. ",
,Snickers x Dr Stone - Sekikashita Kusanagi,,Butter,,No,based,
,Snow White with the Red Hair,Akagami no Shirayuki-hime,"CTR
OVA: CyC",,"Yes
OVA: No",Beatrice+GJM,
,"So, I Can't Play H!","Dakara Boku wa, H ga Dekinai.",YURI,,No,YURI is Salender+FFF,
,Somali and the Forest Spirit,Somali to Mori no Kamisama,Exp,Obelix ,No,"Look at comps and decide whichever one you prefer, both are pretty close.",https://slow.pics/c/SEV7EWOi
,Soul Eater,,,NH,Yes,"NH is Yousei+AllHailExcalibur, Coalgirls",
,Soul Eater NOT!,,YURI,,Yes,YURI is frost+BDY,https://slow.pics/c/os8tiSc4
,Sound! Euphonium,Hibike! Euphonium,Arid,,No,Arid is sergey+modified ToishY/Kantai,https://slow.pics/c/ewFHF8wa
,Sound of the Sky,Sora no Woto,,Zurako,No,no good encodes,
,Space Brothers,Uchuu Kyoudai,Dekinai,Commie,No,A.I.R.nesSub with Commie and HS,
,Space Dandy,Space☆Dandy,CTR,,Yes,,
,Space Patrol Luluco,Uchuu Patrol Luluco,JoeYates,GJM,No,Untagged on AB. Akatomba+GJM,https://slow.pics/c/HF5vsNJo
,Spice and Wolf,Ookami to Koushinryou,"WSE
SP: Holomux",MTBB,"WSE: Yes
No","WSE is Beatrice + MTBB, uses an inferior OP translation
Holomux is VCB + Yabai",
,SSSS.Dynazenon,,,Pizza (WEB),No,,
,SSSS.Gridman,,KH,GSK_kun,Yes | No,Seicher+GJM,
,Star Blazers,Uchuu Senkan Yamato,S1: drakin,CentralAnime,No,drakin is Kagura+CA,
,Star Blazers 2199,Uchuu Senkan Yamato 2199,S1: sam,S1: Femme,Yes | No,sam is Kagura+Femme/Official,
,Steins;Gate ,,hydes,Arid,Yes,Arid is Beatrice+WhyNot/deanzel,https://slow.pics/c/cPomRUEC
,Steins;Gate 0,,Arid,WSE,Yes,WSE (AB) and Arid are Kawaiika+LY with Astral edits,
,"Stella Women's Academy, 
High School Division Class C³",Stella Jogakuin Koutou-ka C³-bu,Bolshevik,,No,Bolshevik is Yousei+Commie,
,Strawberry Marshmallow,Ichigo Mashimaro,grimf,,No,BD is a horrible QTEC upscale,
,Strawberry Panic!,,U2-Rip+(?) subs,KgOlve,No,,
,Strike the Blood,,"S1: Beatrice+FFF/Chihiro
Valkyria: Beatrice+Harunatsu
S2: ASE+Hatsuyuki-Kaitou
S3: Beatrice+Judas
Kieta Seisou-hen: Thighs
S4: Scrad pls","S1: FFF/Chihiro
Valkyria: Harunatsu
S2: Hatsuyuki-Kaitou
S3: 404

",No,ASE is on U2,
,Strike Witches,,S2: Quetzal,Berlin:92 Impatient Eilas (WEB),Yes,,
,Sunday Without God,Kamisama no Inai Nichiyoubi,YURI,,Yes,YURI is Yousei+FFF,
,Super Cub,,,Pasta (WEB),No,,
,Super High Speed Galvion,Chou Kousoku Galvion,Inka-Subs,,No,,
,Suzuka,,km+(?) subs,,No,,https://slow.pics/c/yDaS5xwu
,Sweet Blue Flowers,Aoi Hana,Chimera,Commie,No,,
,Sword Art Online,,"S1,S2, Extra: KH
Alicization: Mysteria
Alicization WoU: Lulu","Alicization WoU: Mysteria
Alicization WoU P2: MTBB",Yes | No,"KH is Beatrice+freeka
Mysteria is neko+MTBB",
,Sword Art Online Alternative: Gun Gale Online,,Arid,9volt,Yes | No,Arid is 9volt with dual audio. Uses Beatrice.,
,Symphogear,Senki Zesshou Symphogear,"S1, G, GX: CTR
AXZ: Brrrrrrr
XV: YameteTomete","S1, G: KnK+CTR
XV: Crow",No,"CTR is Beatrice+Commie
Brrrrrrr and Crow are Raws-Maji+YameteTomete",
,Taboo Tattoo,,Chihiro,,No,,
,Tada Never Falls In Love,Tada-kun wa Koi wo Shinai,Mysteria,,No,,
,Takunomi.,,Drag,,Yes,,
,Tamako Market,,YURI,,Yes,YURI is Beatrice+Commie/Mazui,
,Tamayomi,,Chintu,,No,,
,Tamayura,,,"S2,S3: Nishi-Taku
OVA: Zurako",No,No good encode for the OVA.,https://slow.pics/c/rUEeQChz
,Tanaka-kun is Always Listless,Tanaka-kun wa Itsumo Kedaruge ,Kametsu,GJM,Yes | No,,
,Tari Tari,,,-__-',No,Has Commie and Underwater subs. OVA is borked.,
,Teasing Master Takagi-san,Karakai Jouzu no Takagi-san,"S1: KH
OVA: Aeenald",S1: Asakura,Yes | No,,
,Tekkaman Blade,Uchuu no Kishi Tekkaman Blade,"S1+OVA: Beatrice
S2: BDMV",,No,,
,Tengen Toppa Gurren Lagann,,,Tsundere,No,,https://slow.pics/c/zZJk7554
,Tenkuu Danzai Skelter+Heaven,,"SkelterSubs=ButterFS-SMCSubs-
LCE-PAS-0x539-HRI-Kaleido-Kantai-
Sodra-Chyuu-TSCamp-Obelix-
NiceBoat-NSHS",,No,It is what it is,
,Terra e... ,,sam,,No,sam is Eclatax+G_P,
,Terra Formars,,Kametsu,OVA: display★none(?),Yes,,
,Terror in Resonance,Zankyou no Terror,Arid,Kametsu,Yes,Arid is Akatomba+Kametsu. Kametsu uses philosophy.,https://slow.pics/c/aiaFag1w
,Tetsujin 28 (2004),Tetsujin 28-gou,Pizza,,No,,
,Texhnolyze,,ARC,Pariah,No,ARC is Urotsuki+KAA,
,That Time I Got Reincarnated as a Slime,Tensei shitara Slime Datta Ken,Vodes,S2P2: Asakura (WEB),Yes | No,Vodes is self encode+Asakura. S2P1 is not dual audio.,
,The Ambition of Oda Nobuna,Oda Nobuna no Yabou,,KH,Yes,KH is Salender+FFF,
,The Ancient Magus' Bride,Mahoutsukai no Yome,"GSK_kun
OVA: NTRM",,Yes,,
,The Asterisk War,Gakusen Toshi Asterisk,,RASETSU,Yes,,https://slow.pics/c/alYVTOyA
,The Cockpit,,pocky,Saizen,No,pocky is Kagura+Saizen/fong,https://slow.pics/c/T2htGkI5
,The Comic Artist and His Assistants,Mangaka-san to Assistant-san to,Mysteria,,No,Mysteria is frost+modified Chihiro,
,The Day I Became a God,Kamisama ni Natta Hi,Kawaiika+GJM,LostYears (WEB),Yes | No,LY is GJM with dual audio,
,The Demon Girl Next Door,Machikado Mazoku,Kawaiika-Raws,,No,,
,The Devil is a Part-Timer!,Hataraku Maou-sama!,GSK_kun,,Yes,GSK_kun is Beatrice+Commie modified,https://slow.pics/c/2g9BlJxW
,The Disastrous Life of Saiki K.,"Saiki Kusuo no Ψ-nan
Saiki Kusuo no Ψ-nan: Kanketsu-hen
Saiki Kusuo no Ψ-nan: Ψ-shidou-hen","S1:
S2: Davinci
Final-arc:
Reawakened: HaiveMind","S1: Davinci

Final arc: Davinci
Reawakened: Davinci","No


Yes",HaiveMind is DragsterPS video with Davinci subs. Available on XDCC,
,The Dragon Dentist,Ryuu no Haisha,MCLR,Drag,Yes,Beatrice+Sumire/LostYears,
,The Eccentric Family,Uchouten Kazoku,S1: Vivid,S2: neko-raws,No,,
,The Everyday Tales of a Cat God,Nekogami Yaoyorozu,WBDP,,No,WBDP is Kuroi+FFF,
,The Girl From the Other Side,Totsukuni no Shoujo,Kaleido-DDY (WEB),,No,,
,The God of High School,,LostYears (WEB),Glue (WEB),Yes | No,,
,The Great Passage,Fune wo Amu,WBDP,Commie,No,WBDP uses Beatrice+Commie. Commie has specials and previews spliced in.,
,The Green Cat,Midori no Neko,Orphan,,No,,
,The Helpful Fox Senko-san,Sewayaki Kitsune no Senko-san ,Pookie,,Yes,VCB+AnimeFreak,
,The Irregular at Magic High School ,Mahouka Koukou no Rettousei,"S1: Exstasia
S2: sam",S2: STiNX (WEB),No,sam is own encode+stinx.,
,"The Kawai Complex Guide to 
Manors and Hostel Behavior ",Bokura wa Minna Kawai-sou,Mysteria,,No,Mysteria is Beatrice+Commie,
,The Kubikiri Cycle,Kubikiri Cycle: Aoiro Savant to Zaregototsukai,Yuki,,No,Yuki is Beatrice+edited buddy waters,
,The Legend of the Legendary Heroes,Densetsu no Yuusha no Densetsu,Drag,sam,Yes | No,sam is sergey+Commie/official. Drag has only commie.,
,The Magnificent KOTOBUKI,Kouya no Kotobuki Hikoutai,Drag,,No,Drag is Raws-Maji+LeftWing,
,"The Melancholy of Haruhi Suzumiya",Suzumiya Haruhi no Yuuutsu,UDF,Blank,Yes | No,UDF is Blank's release with FLAC Dual Audio.,
,The Misfit of Demon King Academy,Maou Gakuin no Futekigousha,Asakura,,No,,
,The Perfect Insider,Subete ga F ni Naru,aro,,No,aro is Beatrice + BDY & FFF,
,The Pet Girl of Sakurasou,Sakurasou no Pet na Kanojo,KH,,Yes,,
,The Prince of Tennis,Tennis no Ouji-sama,a-o_SHS_RyZen_Saizen_HS,,No,"The DVD rips are hardsubbed 480p, later episodes by HS are softsubbed 720p.",
,The Promised Neverland,Yakusoku no Neverland,S1: SCY,S1: GJM,Yes | No,,
,The Quintessential Quintuplets,Gotoubun no Hanayome,S1: ShowY,S2: Kantai,No,,
,The Qwaser of Stigmata,Seikon no Qwaser,S1: kuchikirukia,,No,,http://compare.bakashots.me/compare.php?setId=4252
,The Reflection,,(?)+Hi10,Hi10,No,"Hi10 is CR subs with timing, editing and TS by kBaraka",
,The Rising of the Shield Hero,Tate no Yuusha no Nariagari,NH,Asakura,Yes | No,Uses neko-raws,
,The Rolling Girls,,neko-raws,,No,A mix of commie and cthuko would make it better,
,The Ryuo's Work is Never Done!,Ryuuou no Oshigoto!,Pog42,,No,Pog42 is VCB+KOTEX,
,The Saint's Magic Power is Omnipotent,Seijo no Maryoku wa Bannou Desu,,Cyan (WEB),No,,
,The Seven Deadly Sins,Nanatsu no Taizai,"S1: Holomux
S1.5, 2: OZR
S3: (?)+Chyuu
S4: Chyuu (WEB)",S1: OZR,"Holomux : Yes
No","OZR is Akatomba+WBDP for S1 and neko+Chyuu for S2
Holomux is OZR with dual audio",
,The Severing Crime Edge,Dansai Bunri no Crime Edge,Holomux,Drag,No,"Holo is Yousei+Asenshi, Mezashite, Anime-Koi, CR. Drag has only Asenshi.",
,The Tatami Galaxy,Yojouhan Shinwa Taikei ,sam,Pog42,No,sam is Kawaiika+Opportunity and Afro. On AB. Pog42 has Opportunity.,
,The Testament of Sister New Devil,Shinmai Maou no Testament,"S1: Kametsu | OVA: BKC
BURST: Kametsu
Specials: SCY
Departures: Yoghurt",,Yes,"Kametsu is Beatrice+modified Tsundere(S1) and Harunatsu/Chihiro(S2)
SCY is Beatrice+modified USBD subs. No dual audio.
Yoghurt is Beatrice+modified SubDesu",
,The Twelve Kingdoms,Juuni Kokuki,,CTR,Yes,CTR is HQR+KAA,https://slow.pics/c/kRBzyG7a
,The Vision of Escaflowne,Tenkuu no Escaflowne,Hark0n,,Yes,Hark0n is km+G_P subs,
,Those Snow White Notes,Mashiro no Oto,,GHS (WEB),No,,
,Tiger & Bunny,,sam,,No,sam is Yousei+Commie/NinjaPanda,
,To LOVE-Ru,,"S1: Holomux 
OVA: KH
Motto: KH
Darkness: KH
Darkness 2nd: Holomux 
Darkness OVA: KH","S1: Yabai
Motto: Zurako
Darkness OVA: -__-'","Yes | No
OVA: No",S1 and all OVAs are dvd sourced and SD. Rest are 1080p,"Motto: https://slow.pics/c/dX8bRY4Q
Darkness: https://slow.pics/c/HouZfNos"
,Today's Menu for the Emiya Family,Emiya-san Chi no Kyou no Gohan,Mysteria,,No,Mysteria is Beatrice+modified RedKite,
,Tokyo Ghoul,,YURI,OVA: BlurayDesuYo,Yes,YURI is sergey+DDY,
,Tokyo Ghoul:re ,,(?)+Bakaiser,UDF,Yes,UDF is UQW+Bakaiser. Bakaiser uses Moozzi.,
,Tokyo Magnitude 8.0,,MC,CBM,Yes | No,MC is available on xdcc. Uses philosophy raws and shiro subs.,https://slow.pics/c/xY82d7Rx
,Tokyo Ravens,,YURI,MCLR,Yes,"YURI is sergey+FFF/Animekoi
MCLR is FFF with Animekoi kfx and dub. Available on XDCC, nandato.",
,TONIKAWA: Over the Moon For You,Tonikaku Kawaii,,Gao,Yes,,
,Touhai Densetsu Akagi: Yami ni Maiorita Tensai,,CBT,,No,,
,Tower of God,Kami no Tou,Kuroi-Subs (WEB),,No,,
,Trigun,,Yurasyk+officialsubs,,No,Yura is 720p dvd upscale so grab from rutracker.,
,Trinity Seven,,MC,Exp,Yes | No,,https://slow.pics/c/6xz6YaFo
,True Tears,,,Tsundere,No,,
,Tsugumomo,,"S1: succ_
S2: ΑΩ+Astral",,No,"succ_ is Beatrice+Astral, but he didn't QC it.",
,Tsuki ga Kirei,,NH,GHS,Yes | No,NH is GHS with dub. GHS is Beatrice+modified Astral.,
,Tsuredure Children,Tsurezure Children,MCLR,Mysteria,Yes | No,,
,Tsurune: Kazemai Koukou Kyuudoubu,,neko-raws,,No,,
,Twin Spica,Futatsu no Spica,Crow,,No,Crow is EruPii+modified A-F,
,Two Car,,Pog42,,No,,
,Ulysses: Jeanne d'Arc and the Alchemist Knight,Ulysses: Jeanne d'Arc to Renkin no Kishi,KH,,Yes,,
,Umamusume: Pretty Derby,Uma Musume: Pretty Derby,,Okay-Subs,No,,
,Umineko: When They Cry,Umineko no Naku Koro ni,,sam,No,sam is UQW+Coalgirls,
,Unbreakable Machine-Doll,Machine-Doll wa Kizutsukanai,MK,,Yes,MK is Yousei+HTT,
,Undefeated Bahamut Chronicle,Saijaku Muhai no Bahamut,Exp,,No,,
,Under the Dog,,BKC,BlurayDesuYo,No,BKC is Beatrice+BDY,https://slow.pics/c/3UyT9rfN
,Unlimited Fafnir ,Juuou Mujin no Fafnir,GOTP,Exp,No,Beatrice+FFF. Available on AB.,https://slow.pics/c/B2WnVMaE
,Urara Meirocho,Urara Meirochou,aro,,No,aro is Beatrice+Tsundere,https://slow.pics/c/MnLxxdmE
,Uzaki-chan Wants to Hang Out!,Uzaki-chan wa Asobitai!,,LostYears (WEB),Yes,,
,Valkyrie Drive: Mermaid,,"CTR
SP: Brrrrrrr",,Yes,CTR is Beatrice+Commie,
,Valvrave the Liberator,Kakumeiki Valvrave,FFF,,No,,
,Vampire Knight,,HQR + (?) subs,,No,There is an HQR mux under [Rare] but it uses vobsub,
,Vinland Saga,,SCY,Not-Vodes,Yes,"SCY uses modified Foxtrot subs, with his own encode. 
Not-Vodes uses Kawaiika video",https://slow.pics/c/RIjk04ya
,Violet Evergarden,,SCY,Matsya,Yes,"Sub only version of SCY the extended EP 13 is in a separate release linked 
in the description. 
Matsya is the movie version with SCY subs if you're into that.",
,Vividred Operation,,YURI,,No,YURI is Beatrice+Commie/JK,
,Vivy -Fluorite Eye's Song-,,,LostYears (WEB),Yes,LY is YameteTomete with dual audio,
,Walkure Romanze,,,FFF,No,No good encodes,https://slow.pics/c/qZxcbDYA
,Wandering Son,Hourou Musuko,aro,,No,aro is VCB+Golo,
,Wandering Witch: The Journey of Elaina,Majo no Tabitabi,,LostYears (WEB),Yes,LY is GJM-Kaleido with dual audio,
,Wanna Be the Strongest in the World,Sekai de Ichiban Tsuyoku Naritai!,,FFF,No,,
,"WATAMOTE ~No Matter How I Look at It, 
It’s You Guys Fault I’m Not Popular!~","Watashi ga Motenai no wa Dou 
Kangaetemo Omaera ga Warui!",RASETSU,,Yes,,https://slow.pics/c/GN4PMSs4
,WATATEN!: an Angel Flew Down to Me,Watashi ni Tenshi ga Maiorita!,Smoke,,No,,
,We Never Learn,Boku-tachi wa Benkyou ga Dekinai ,S1: GSK_kun,S2: Seicher (WEB),No,,
,Welcome to the Ballroom,Ballroom e Youkoso,sam,,No,sam is own encode+Foxtrot,https://slow.pics/c/tolO4G7L
,Welcome to the N.H.K.,NHK ni Youkoso ,Urotsuki+Dekinai,Dekinai,No,urotsuki is 720p dvd upscale so only on rutracker,
,When Supernatural Battles Became Commonplace,Inou-Battle wa Nichijou-kei no Naka de,karios,,Yes,,
,Whispered Words,Sasameki Koto,Scriptum,Drag,No,"Scriptum is Beatrice+SHiN-gx,Chihiro,OnDeed. Drag is Beatrice+Tsundere.",
,White Album 1,,,"YURI
Judas",No,Coalgirls subs. All encodes are horrendous. ,"https://slow.pics/c/MGN47avm
https://slow.pics/c/b2SPT3UA"
,White Album 2,,YURI,,No,YURI is Beatrice+UTW,
,"Why the hell are you here, Teacher!?",Nande Koko ni Sensei ga!? ,NH,Exp,Yes | No,,
,Witch Craft Works,,Salender+(?) subs,,No,,"https://slow.pics/c/JIUsKaMu
http://compare.bakashots.me/compare.php?setId=3898"
,WIXOSS,"selector infected WIXOSS
selector spread WIXOSS
Lostorage incited WIXOSS
Lostorage conflated WIXOSS",,"S1: FFF
S2: FFF
S3: Asenshi (WEB)
S4: HS/Erai",No,,
,Wolf Girl & Black Prince,Ookami Shoujo to Kuro Ouji,Exp,Commie,No,Exp is sergey+Commie. Use the unedited track.,
,Wolf's Rain,,,Urotsuki + (?) subs,No,"BDs worse than DVDs. Urotsuki's rip has speedup and bad audio. Would be the best
if slowed down and muxed with better audio.",
,Wonder Egg Priority,,Kawaiika+badcvxy,LostYears (WEB),No,LY is badcvxy with dual audio,
,World Break: Aria of Curse for a Holy Swordsman,Seiken Tsukai no World Break,RASETSU,,Yes,,
,World Conquest Zvezda Plot,Sekai Seifuku: Bouryaku no Zvezda,Chimera,,No,,
,Wotakoi: Love is Hard for Otaku,Wotaku ni Koi wa Muzukashii,"Mysteria
OVA2: Padpa",Commie,No,,
,Xam'd: Lost Memories,Bounen no Xamdou,karios,,Yes,,
,Yamada and the Seven Witches,Yamada-kun to 7-nin no Majo,"SCY
OVA: Mahou-X, Shikkaku",,Yes,,
,Yamada's First Time,B Gata H Kei,KH,,Yes,,
,Yamataro Comes Back,Yamatarou Kaeru,Orphan,,No,,
,Yamato 2520,,Orphan,,No,,
,Yokohama Kaidashi Kikou,,ARC,,No,,
,Yona of the Dawn,Akatsuki no Yona,YURI,,Yes,YURI is Beatrice+FFF,
,"Yosuga no Sora: 
In Solitude, Where We Are Least Alone.",Yosuga no Sora,ANE,,No,Yousei video is equally bad. Needs a new encode probably. ,
,You and Me.,Kimi to Boku.,CyC,,No,Beatrice-raws video with edited SallySubs.,
,Your Lie in April,Shigatsu wa kimi no Uso ,Arid,"Hamood
LNS-Tsundere",Yes | No,"Arid is nekotrice+LNS/Kametsu kfx
Hamood is LNS+Kametsu kfx","https://slow.pics/c/kAZSdh8O
https://slow.pics/c/lw7LMl0I "
,Yowamushi Pedal,,S1: Commie,,No,,
,Yu Yu Hakusho: Ghostfiles,Yuu☆Yuu☆Hakusho,Holomux,NP-Complete,Yes,"Holomux is FBI+NPC subs
FBI has much more detail but worse lines. NP-C uses OC.",https://slow.pics/c/NFDe36Fk
,"Yume kara, Samenai",,Orphan,,No,,
,Yuri!!! on Ice,,Smoke,,Yes,"Beatrice-raws + dual audio, with resynced SmugCat subs.",
,Yurikuma Arashi,Yuri Kuma Arashi,CTR,,Yes,CTR is Yousei+Watashi/Asenshi,
,Yuyushiki,,"Datte13
OVA: GJM",,No,,
,Zetman,,,Kametsu,Yes,Kametsu is DmonHiro+WhyNot,
,Zettai Shounen,,Sushi,km,No,Sushi is km+J-G/Triad. Subs for km are linked in the nyaa comments.,
,Zipang,,OWO,,Yes,,https://slow.pics/c/6Biv5jqb
,Zombie Land Saga,,S1: NH,S1: azd,Yes | No,azd = Seicher-Raws + Vivid ,